image,contrast_0,dissimilarity_0,homogeneity_0,energy_0,correlation_0,contrast_1,dissimilarity_1,homogeneity_1,energy_1,correlation_1,contrast_2,dissimilarity_2,homogeneity_2,energy_2,correlation_2,contrast_3,dissimilarity_3,homogeneity_3,energy_3,correlation_3,label
shape 724 .jpg,401.42578125,913.0,510.0,115.0,1.57421875,3.5803921568627453,2.0,0.45098039215686275,0.99382668807477,0.9859594623688986,0.992156983360502,0.9982314766401131,0.8603902810526802,0.8554200359278551,0.8589765471305435,0.8624509411417581,0.9756562668138722,0.9448111682895037,0.9691673515017701,0.993048504220474,1
shape 165 .jpg,164.35546875000003,675.0,510.0,345.0,0.6445312500000001,2.6470588235294117,2.0,1.3529411764705883,0.9974724653407868,0.9896195368006643,0.992156983360502,0.9946944299203396,0.8701480980658091,0.8652266712259751,0.8666683651546445,0.8681086086284916,0.9894825152564961,0.956946516780277,0.9674699433952745,0.9779948863543637,1
shape 1117 .jpg,407.40234375,862.0,453.22265625,67.0,1.59765625,3.380392156862745,1.77734375,0.2627450980392157,0.9937347777235259,0.9867437640328484,0.9930301316973211,0.9989696429120658,0.7874072176550603,0.7826979928931532,0.7868091312574754,0.7903542451407867,0.9832372250237815,0.9645836803731281,0.9813641999838744,0.9972472801224349,1
shape 1203 .jpg,230.09765625,741.0,510.0,279.0,0.90234375,2.9058823529411764,2.0,1.0941176470588236,0.9964614514771015,0.9886045581767293,0.992156983360502,0.9957094085442746,0.8657652686245251,0.8608167045168742,0.8628309477117195,0.8648693011426934,0.9856692871287586,0.953999635750166,0.9683414007475272,0.9826800247966212,1
shape 199 .jpg,467.16796875,40.0,465.17578125,934.0,1.83203125,0.1568627450980392,1.82421875,3.6627450980392156,0.9928156742110849,0.9993848614400394,0.9928463109948329,0.9856365146249193,0.8642732445430101,0.8678451174836279,0.8643033497852995,0.8600200229950106,0.9707829715942982,0.9975017349063153,0.9709049801868214,0.9416603182736023,1
shape 352 .jpg,372.5390625,131.0,504.0234375,878.0,1.4609375,0.5137254901960784,1.9765625,3.443137254901961,0.9942709214391167,0.9979854212161289,0.992248893711746,0.9864977086088641,0.8545359863496922,0.8562287350539877,0.8529366573534708,0.8496049450246479,0.9783045202298287,0.9923937323197071,0.9707288752928904,0.9490185576184671,1
shape 646 .jpg,510.0,592.0,81.6796875,428.0,2.0,2.32156862745098,0.3203125,1.6784313725490196,0.992156983360502,0.9908959493125826,0.9987438918663305,0.9934180174084213,0.8257634258157809,0.8250127704751613,0.8302638381835924,0.8265159501595696,0.9747267172271152,0.9706631208337757,0.9959402153510922,0.978790229251446,1
shape 951 .jpg,307.79296875,201.0,510.0,819.0,1.20703125,0.7882352941176471,2.0,3.211764705882353,0.995266616910928,0.9969089287361979,0.992156983360502,0.987405037984806,0.8805044269780311,0.8810104779629886,0.8783613398761987,0.8756851650585366,0.978484379833375,0.9859964973771239,0.9644624073299178,0.9429409519993265,1
shape 505 .jpg,510.0,862.0,350.625,162.0,2.0,3.380392156862745,1.375,0.6352941176470588,0.992156983360502,0.9867437640328484,0.9946079260603451,0.9975086888321595,0.8850265655601501,0.8819848737492163,0.8867480078707969,0.8879712165929333,0.9624633929370228,0.9365787268189208,0.9741153554224969,0.9880809208174772,1
shape 1025 .jpg,254.00390625,723.0,468.1640625,214.0,0.99609375,2.835294117647059,1.8359375,0.8392156862745098,0.9960938100721248,0.9888813705287116,0.9928003558192108,0.9967090087042105,0.7573548202931893,0.7521980232803638,0.7548388120128091,0.7573049590843867,0.9907549342580309,0.973727025836122,0.9829821371089416,0.9922236011041677,1
shape 1359 .jpg,429.31640625,909.0,478.125,56.0,1.68359375,3.5647058823529414,1.875,0.2196078431372549,0.9933977731022976,0.9860209762248947,0.9926471719004706,0.9991388060160551,0.8199243107238294,0.8151091995634338,0.8192437478841275,0.8229928194038765,0.9794425903327239,0.9565610114168389,0.9771321678725877,0.9973239670327556,1
shape 1296 .jpg,510.0,589.0,78.69140625,431.0,2.0,2.3098039215686272,0.30859375,1.6901960784313725,0.992156983360502,0.9909420847045797,0.9987898470419525,0.9933718820164242,0.8288055339061442,0.8280680165099934,0.8332955908582639,0.8295109158968174,0.9743100448590378,0.9703333013505178,0.9960245308704933,0.9782914310391734,1
shape 796 .jpg,473.14453125,58.0,414.375,889.0,1.85546875,0.22745098039215686,1.625,3.4862745098039216,0.9927237638598407,0.9991080490880571,0.9936275489804078,0.986328545504875,0.8483578482350922,0.8519224337465829,0.849010763323945,0.8445049474929107,0.9733531094945345,0.9967367585215287,0.9766443928268695,0.9499804900918669,1
shape 1211 .jpg,258.984375,770.0,510.0,250.0,1.015625,3.019607843137255,2.0,0.9803921568627452,0.9960172181127549,0.9881585827207578,0.992156983360502,0.9961553840002461,0.8339916965289601,0.8287921346497092,0.8310971214871452,0.8335273749361487,0.9867455435935515,0.960711638684486,0.9739859285088371,0.9872440385339238,1
shape 911 .jpg,474.14062500000006,37.0,442.265625,918.0,1.8593750000000002,0.14509803921568626,1.734375,3.6,0.9927084454679667,0.9994309968320364,0.9931986340079353,0.9858825700489036,0.8204670259382962,0.8243154179029579,0.8209297040385254,0.8161834880896542,0.9771846917867234,0.9982214787360911,0.9787000895472624,0.9558721724678839,1
shape 1006 .jpg,375.52734375,193.00000000000003,184.27734375,560.0,1.47265625,0.7568627450980394,0.72265625,2.196078431372549,0.9942249662634945,0.99703195644819,0.9971660975033063,0.9913880601605511,0.7537871603261618,0.7554783003991532,0.7556564814322485,0.7517810467242891,0.9864453835128416,0.9930374474827347,0.9933500009708238,0.9797974952498094,1
shape 101 .jpg,117.5390625,392.0,510.0,628.0,0.4609375,1.5372549019607842,2.0,2.462745098039216,0.9981924297588656,0.9939716421123859,0.992156983360502,0.990342324608618,0.926754001801991,0.9242204976116858,0.9232418185008744,0.9222857942274734,0.9870258172197054,0.9568855494944819,0.9439146641381871,0.9309288905166698,1
shape 129 .jpg,348.6328125,160.0,510.0,860.0,1.3671875,0.6274509803921569,2.0,3.372549019607843,0.9946385628440931,0.9975394457601575,0.992156983360502,0.9867745209608464,0.9227275135436129,0.9240076007949195,0.9211187858289288,0.9182558576667337,0.9625699796643656,0.982883482608098,0.9454422939533621,0.9079987190185277,1
shape 341 .jpg,510.0,786.0,274.921875,234.0,2.0,3.0823529411764707,1.078125,0.9176470588235295,0.992156983360502,0.9879125272967736,0.9957721238427707,0.9964014394242303,0.8989786886779685,0.8966190858042296,0.9012738926032462,0.9012667009551427,0.9573871525067641,0.9343535357807942,0.9769588590804876,0.9804563961484809,1
shape 1432 .jpg,449.23828125,961.0000000000001,510.0,61.0,1.76171875,3.7686274509803925,2.0,0.2392156862745098,0.9930914052648172,0.9852212960969459,0.992156983360502,0.9990619136960601,0.9438636895402389,0.9395749593194006,0.9431948475302256,0.9467969147900875,0.9324400905648482,0.856009701516738,0.9235575507738051,0.9908601371410208,1
shape 1226 .jpg,179.296875,690.0,510.0,330.0,0.703125,2.7058823529411766,2.0,1.2941176470588236,0.9972426894626765,0.989388859840679,0.9921569833605018,0.9949251068803248,0.8428501267506132,0.8377109342662806,0.8393123977129796,0.840957250484746,0.9903876056499317,0.9631221202092872,0.9727454098633025,0.982362753143572,1
shape 1122 .jpg,489.08203125,103.0,396.4453125,887.0,1.91796875,0.403921568627451,1.5546875,3.4784313725490197,0.9924786695898564,0.9984160182081014,0.9939032800341401,0.986359302432873,0.8020945977554398,0.8057383022598098,0.8034577927163671,0.7983468966769178,0.9784596500848163,0.9954639556516979,0.9825003303637313,0.960935281857573,1
shape 808 .jpg,507.01171875,143.0,371.54296875,874.0,1.98828125,0.5607843137254902,1.45703125,3.4274509803921567,0.992202938536124,0.9978008796481408,0.9942862398309906,0.9865592224648602,0.8482136869639078,0.8513702092096356,0.8497526714202238,0.8448524070148584,0.9714176588590713,0.991943736200562,0.9790116629307479,0.9507591477514418,1
shape 128 .jpg,369.55078125,139.0,510.0,881.0,1.44921875,0.5450980392156862,2.0,3.454901960784314,0.9943168766147387,0.9978623935041367,0.992156983360502,0.9864515732168672,0.9067541395531051,0.9083595501035764,0.9052840369855735,0.9021557917042967,0.9669861038105403,0.9876258111245231,0.9545797194308476,0.9215707884942785,1
shape 334 .jpg,408.3984375,166.0,515.9765625,912.0,1.6015625,0.6509803921568628,2.0234375,3.576470588235294,0.993719459331652,0.9974471749761633,0.9920650730092578,0.9859748408328975,0.9278850717176027,0.9296155516875857,0.926708503740929,0.9235273452315079,0.9527018074593728,0.9808442147116685,0.9404897798484881,0.8947585772110951,1
shape 193 .jpg,473.14453125,35.0,483.10546875,958.0,1.85546875,0.13725490196078433,1.89453125,3.7568627450980396,0.9927237638598406,0.9994617537600344,0.9925705799411004,0.9852674314889429,0.8845174605571149,0.8880584788096046,0.8843794133282233,0.8801600891272529,0.9654174940713093,0.997446782117281,0.9647050850406171,0.9301109017266221,1
shape 312 .jpg,228.10546875,739.0,510.0,281.0,0.89453125,2.8980392156862744,2.0,1.1019607843137254,0.9964920882608496,0.9886353151047274,0.992156983360502,0.9956786516162766,0.9153228741480856,0.9107760813899615,0.9126806631250035,0.9145742341941875,0.9778939972144429,0.9286356552845736,0.950744082182514,0.9728641666237685,1
shape 1105 .jpg,390.46875,702.0,310.78125,86.0,1.53125,2.7529411764705882,1.21875,0.3372549019607843,0.9939951903853843,0.9892043182726908,0.9952206617353059,0.9986774520960846,0.798558026711386,0.795259922840933,0.7989882087388823,0.8011222274053728,0.9831482140369006,0.9697495616751247,0.9866070876214794,0.9962941058462405,1
shape 1434 .jpg,510.0,475.0,34.86328125,545.0,2.0,1.8627450980392157,0.13671875,2.1372549019607843,0.992156983360502,0.9926952296004674,0.9994638562844093,0.9916187371205364,0.931244619868412,0.9315351718646127,0.9353751994768403,0.930966247402172,0.9372558233029178,0.9415565909179883,0.9956948508431019,0.932943878000639,1
shape 494 .jpg,335.68359375,173.0,510.0,847.0,1.31640625,0.6784313725490196,2.0,3.32156862745098,0.9948377019384553,0.9973395257281703,0.992156983360502,0.9869744409928336,0.8816324946396188,0.8826247048899903,0.8797318478371147,0.8768259334726387,0.9762745760085558,0.9878137008576692,0.9640701445391678,0.9403364429274335,1
shape 576 .jpg,63.75,574.0,510.0,446.0,0.25,2.2509803921568627,2.0,1.7490196078431373,0.9990196229200627,0.9911727616645649,0.992156983360502,0.993141205056439,0.9257972083819405,0.9213145101065008,0.9218491379351689,0.9223654493629401,0.9930919427838149,0.9380231234215715,0.9449266405146903,0.951843750951256,1
shape 153 .jpg,515.9765625,871.0,355.60546875,165.0,2.0234375,3.4156862745098038,1.39453125,0.6470588235294118,0.9920650730092577,0.9866053578568573,0.9945313341009749,0.9974625534401624,0.9130192182475971,0.9100934479697206,0.914662367906451,0.91594457445131,0.9499441228154805,0.9154976421802186,0.9653775585466396,0.9839920906541172,1
shape 1035 .jpg,510.0,311.0,200.21484375000003,709.0,2.0,1.219607843137255,0.7851562500000001,2.780392156862745,0.992156983360502,0.9952172976963061,0.9969210032333221,0.9890966690246978,0.8462379051324591,0.8480010278816511,0.8495067650375585,0.8444412542192831,0.9715931063049628,0.9826795335134425,0.9888144049760303,0.9605137918361116,1
shape 753 .jpg,442.265625,54.0,480.1171875,924.0,1.734375,0.21176470588235294,1.8828125,3.623529411764706,0.9931986340079353,0.9991695629440531,0.9926165351167225,0.9857902992649095,0.8336230156737693,0.8367902718438535,0.8330569898797376,0.8288903581436122,0.977200561264005,0.9972221324926581,0.975279879377411,0.9524644991501725,1
shape 655 .jpg,198.22265625,311.0,510.0,709.0,0.77734375,1.219607843137255,2.0,2.780392156862745,0.99695164001707,0.9952172976963061,0.992156983360502,0.9890966690246978,0.9135710259770612,0.9123141467820646,0.9106747107712047,0.9090062656317531,0.981223109652534,0.970643948655662,0.9518500845689417,0.9330757543307526,1
shape 30 .jpg,219.140625,290.0,510.0,730.0,0.859375,1.1372549019607843,2.0,2.8627450980392153,0.9966299537877157,0.9955402454402854,0.992156983360502,0.9887737212807186,0.8775851367623689,0.8765385131891245,0.8746215762300311,0.8727309322303461,0.9851200331109102,0.9803739780746074,0.9654875763830969,0.9505965654981495,1
shape 1410 .jpg,510.0,182.0,326.71875,838.0,2.0,0.7137254901960784,1.28125,3.2862745098039214,0.992156983360502,0.9972011195521792,0.9949755674653216,0.9871128471688247,0.8195531278370467,0.8226132487286444,0.8218416990413314,0.8165551906023224,0.9755323300330688,0.9912674549662757,0.9842776217613711,0.9597919080315339,1
shape 752 .jpg,353.61328125,155.0,510.0,865.0,1.38671875,0.6078431372549019,2.0,3.392156862745098,0.9945619708847231,0.9976163380801525,0.992156983360502,0.9866976286408513,0.8492203206987672,0.8504961577806314,0.8473418098975143,0.8441540816416635,0.9801105032832734,0.9913091963654372,0.9713994437478918,0.9514997087490537,1
shape 618 .jpg,321.73828125,187.0,510.0,833.0,1.26171875,0.7333333333333333,2.0,3.2666666666666666,0.9950521594246916,0.9971242272321841,0.992156983360502,0.9871897394888198,0.9388409769314506,0.9397134521231136,0.9371379982500503,0.9344958903476577,0.9564651609097334,0.9747892545377348,0.9311949674001301,0.8876975883953644,1
shape 642 .jpg,427.32421875,36.0,447.24609375,876.0,1.67578125,0.14117647058823532,1.75390625,3.4352941176470586,0.9934284098860455,0.9994463752960355,0.9931220420485652,0.9865284655368621,0.8540920649761337,0.8574177920665967,0.8540260409560577,0.8499578478051341,0.9751070644857629,0.9979051374352622,0.9739278423332302,0.949025010924714,1
shape 1402 .jpg,277.91015625,789.0,510.0,235.0,1.08984375,3.094117647058823,2.0,0.9215686274509804,0.9957261686671485,0.9878663919047765,0.992156983360502,0.9963860609602313,0.8920272875086058,0.8872977835504082,0.889682225731043,0.8920106438567709,0.9786338998949411,0.939547470036837,0.9609179576545915,0.9819944936104646,1
shape 1178 .jpg,109.5703125,646.0,549.84375,456.0,0.4296875,2.533333333333333,2.15625,1.788235294117647,0.9983149768938578,0.9900655122566357,0.9915442476855412,0.9929874204164488,0.7466062460297386,0.740530713675021,0.7415171434230784,0.7424676233302313,0.9961781336969306,0.9775121591459425,0.9808589952324468,0.9841262299853711,1
shape 581 .jpg,510.0,799.0,287.87109375,221.0,2.0,3.1333333333333337,1.12890625,0.8666666666666666,0.992156983360502,0.9877126072647864,0.9955729847484083,0.9966013594562175,0.9217788770923732,0.9193825287599556,0.923852754018447,0.9241286109231449,0.9449766883310506,0.9138313231076344,0.9688427981611548,0.9761661106467923,1
shape 874 .jpg,510.0,560.0,49.8046875,460.0,2.0,2.196078431372549,0.1953125,1.803921568627451,0.992156983360502,0.9913880601605511,0.999234080406299,0.9929259065604528,0.8815518901860628,0.8811194912826721,0.8859274273770397,0.8819780635120418,0.9635346477306531,0.9599607106088724,0.9964270130946029,0.9671105837144307,1
shape 781 .jpg,510.0,642.0,131.484375,378.0,2.0,2.5176470588235293,0.515625,1.4823529411764707,0.992156983360502,0.9901270261126319,0.9979779722726294,0.9941869406083721,0.8844590239815322,0.8833523889729418,0.8881320881687241,0.8856115029308814,0.9626429417681904,0.952965609733474,0.9903344850376371,0.9723068543290546,1
shape 433 .jpg,258.984375,250.0,510.0,770.0,1.015625,0.9803921568627452,2.0,3.019607843137255,0.9960172181127549,0.9961553840002462,0.992156983360502,0.9881585827207578,0.856088789814621,0.8556777745992084,0.8533519865151035,0.8510657857253624,0.9848644546584843,0.9854360451443405,0.9702921330469187,0.9551430190445686,1
shape 181 .jpg,629.53125,1172.0,551.8359375,124.0,2.46875,4.59607843137255,2.1640625,0.48627450980392156,0.9903187763356196,0.9819764401931536,0.9915136109017931,0.9980930704641221,0.8504205574840623,0.8453961884125337,0.8512082841336549,0.8546750276075519,0.9637669429336094,0.9326479363178789,0.9682188483353815,0.9928745720580969,1
shape 372 .jpg,394.453125,106.0,501.03515625,897.0,1.546875,0.4156862745098039,1.96484375,3.5176470588235293,0.9939339168178882,0.9983698828161043,0.9922948488873681,0.9862055177928829,0.8649934498534598,0.8671225152243803,0.8636478564843397,0.8601950310975632,0.9753163587912952,0.9933860703095676,0.9687370487093668,0.9440286930164731,1
shape 1247 .jpg,510.0,199.0,309.78515625,821.0,2.0,0.7803921568627451,1.21484375,3.2196078431372546,0.992156983360502,0.9969396856641958,0.99523598012718,0.987374281056808,0.8214289796325326,0.8242136922364378,0.8237556418193422,0.8184819525372051,0.9752950897419427,0.9903647322284049,0.9849563779898997,0.9602484681382939,1
shape 1346 .jpg,113.5546875,396.0,510.0,624.0,0.4453125,1.5529411764705883,2.0,2.4470588235294115,0.9982537033263618,0.9939101282563898,0.9921569833605018,0.9904038384646141,0.8446109468094988,0.8415306855544895,0.840551151849322,0.8394775473387456,0.993870163214993,0.9786895173837058,0.9725468915897962,0.9664198455743246,1
shape 200 .jpg,266.953125,242.0,510.0,778.0,1.046875,0.9490196078431373,2.0,3.0509803921568626,0.9958946709777627,0.9962784117122383,0.992156983360502,0.9880355550087657,0.8671499916878166,0.8669096602777597,0.8645366360428823,0.8622173028398705,0.9831720259724984,0.9847947055812334,0.9679603577526151,0.9511168633975183,1
shape 864 .jpg,334.6875,174.0,510.0,846.0,1.3125,0.6823529411764706,2.0,3.3176470588235296,0.9948530203303294,0.9973241472641712,0.992156983360502,0.9869898194568326,0.9004980870236792,0.9015042193575051,0.8987078449843496,0.8958445626219823,0.972024213040756,0.9855060477469256,0.9574995810658168,0.9295294045626389,1
shape 1454 .jpg,205.1953125,716.0,510.0,304.0,0.8046875,2.8078431372549018,2.0,1.192156862745098,0.9968444112739521,0.9889890197767047,0.992156983360502,0.9953249469442992,0.9369344023269744,0.9325593501297257,0.9342282113266649,0.9358972045577589,0.9734838774036939,0.9078126359062629,0.9343318974094332,0.9608589962507039,1
shape 970 .jpg,510.0,283.0,226.11328125,737.0,2.0,1.1098039215686273,0.88671875,2.8901960784313725,0.992156983360502,0.9956478946882785,0.9965227250445976,0.9886660720327254,0.8385759190785131,0.8406155317066797,0.8416606106654,0.83651781964917,0.9728619436295758,0.9849422632474333,0.9879319007257051,0.9607860353828918,1
shape 1186 .jpg,276.9140625,788.0,510.0,232.0,1.0859375,3.0901960784313727,2.0,0.9098039215686274,0.9957414870590225,0.9878817703687756,0.992156983360502,0.9964321963522283,0.8635741473504136,0.858613806569643,0.8610564492300159,0.8635010711736816,0.9829656351091982,0.9516830320451624,0.9687275439532148,0.9857746997899464,1
shape 609 .jpg,398.4375,101.0,500.0390625,900.0,1.5625,0.39607843137254906,1.9609375,3.5294117647058822,0.9938726432503922,0.9984467751360995,0.9923101672792423,0.9861593824008857,0.8716376016235268,0.8738524390973067,0.8704839299259449,0.8669087951865593,0.9738319795017174,0.9933856763751049,0.9672247701196963,0.9410576714766264,1
shape 250 .jpg,368.5546875,111.0,343.65234375,693.0,1.4453125,0.43529411764705883,1.34765625,2.717647058823529,0.9943321950066127,0.9982929904961092,0.9947151548034633,0.9893427244486821,0.8633689417322297,0.865508744028199,0.8636825480550371,0.8603869183936173,0.9772335685060264,0.9931496754140673,0.9787579465190435,0.9572317573148521,1
shape 1114 .jpg,297.83203125,809.0,510.0,211.0,1.16796875,3.1725490196078434,2.0,0.8274509803921568,0.9954198008296681,0.9875588226247962,0.992156983360502,0.9967551440962077,0.8291116478385487,0.8238784495919582,0.8265756688385887,0.8293539077856827,0.9851296989309858,0.9597285539150265,0.9746169428613466,0.9894965696861194,1
shape 721 .jpg,456.2109375,913.0,455.21484375,47.0,1.7890625,3.5803921568627453,1.78515625,0.18431372549019606,0.992984176521699,0.9859594623688985,0.992999494913573,0.9992772121920462,0.9095364474700396,0.9055016528498636,0.9094277179267238,0.9127182356151995,0.9576784338945956,0.9155306953124727,0.9578249972896624,0.9956516349175094,1
shape 1202 .jpg,317.75390625,768.0,449.23828125,131.0,1.24609375,3.011764705882353,1.76171875,0.5137254901960784,0.9951134329921878,0.9881893396487559,0.9930914052648172,0.997985421216129,0.8001715895165414,0.7956112702164913,0.7987980687058636,0.8016544243505755,0.9862294835538655,0.9667610481656181,0.9805421960960249,0.9943304670251243,1
shape 988 .jpg,23.90625,231.0,255.0,279.0,0.09375,0.9058823529411765,1.0,1.0941176470588236,0.9996323585950235,0.9964475748162274,0.996078491680251,0.9957094085442747,0.7943204088916008,0.792971932007521,0.7927548704240489,0.7925099980165381,0.9990028222195911,0.9903374808362032,0.9893329406718204,0.9883296846463235,1
shape 588 .jpg,409.39453125,117.0,521.953125,925.0,1.60546875,0.45882352941176474,2.046875,3.627450980392157,0.993704140939778,0.9982007197121152,0.9919731626580137,0.9857749208009103,0.9106499243745286,0.9127775957065505,0.9094574883217171,0.9060552250348616,0.9617174958650291,0.9890978116714253,0.9513294966125153,0.9138074854364807,1
shape 1329 .jpg,308.7890625,820.0,510.0,200.0,1.2109375,3.215686274509804,2.0,0.7843137254901961,0.9952512985190539,0.987389659520807,0.992156983360502,0.9969243072001969,0.8596071987496376,0.8546188679477442,0.8573049128358324,0.8600922266601561,0.9814753712319844,0.9509651777858893,0.9695112187900906,0.9880402872648512,1
shape 412 .jpg,203.203125,714.0,510.0,306.0,0.796875,2.8000000000000003,2.0,1.2,0.9968750480577,0.9890197767047028,0.992156983360502,0.9952941900163012,0.9122285302455383,0.9076535168577634,0.9093915168418821,0.9110493909690016,0.9810288580535909,0.933575063008036,0.9525306941863324,0.9715321698605871,1
shape 38 .jpg,510.0,490.0,21.9140625,530.0,2.0,1.9215686274509802,0.0859375,2.0784313725490193,0.992156983360502,0.9924645526404823,0.9996629953787716,0.9918494140805216,0.9206136255383921,0.920791894781809,0.9249414802005169,0.9204630437212498,0.9457931076426549,0.9479097157914134,0.9976620304577836,0.9436574476927537,1
shape 182 .jpg,494.0625,927.0,431.30859375,65.0,1.9375,3.635294117647059,1.69140625,0.2549019607843137,0.9924020776304863,0.9857441638729123,0.9933671363185496,0.999000399840064,0.836107327223944,0.8321319399444621,0.8370469801347814,0.839927380076459,0.9741020870191146,0.9514280074590775,0.9773435953471024,0.9965944261992364,1
shape 131 .jpg,530.91796875,377.0,204.19921875,716.0,2.08203125,1.4784313725490197,0.80078125,2.8078431372549018,0.9918352971311476,0.994202319072371,0.996859729665826,0.9889890197767047,0.9375511119480264,0.9389346410454603,0.9404834546400909,0.936208335882065,0.9276807208030341,0.9485272154464633,0.9720513791194699,0.9022309197322903,1
shape 905 .jpg,455.21484375,47.0,466.171875,923.0,1.78515625,0.18431372549019606,1.828125,3.619607843137255,0.992999494913573,0.9992772121920462,0.9928309926029588,0.9858056777289084,0.8381645619482345,0.8415890604045065,0.8380003960201006,0.8336793467896253,0.9759038743917341,0.9975162025032801,0.9753331390011493,0.9512191114797072,1
shape 100 .jpg,172.32421875,389.0,537.890625,695.0,0.67578125,1.5254901960784313,2.109375,2.7254901960784315,0.9973499182057946,0.9940177775043828,0.9917280683880294,0.9893119675206841,0.9170058267236018,0.9148990790264016,0.9137674862774594,0.9123666433597595,0.9830616788114447,0.9618992769677704,0.9472530501729653,0.9319280141197951,1
shape 188 .jpg,94.62890625,419.0,510.0,601.0,0.37109375,1.6431372549019607,2.0,2.3568627450980393,0.9985447527719682,0.9935564235844124,0.992156983360502,0.9907575431365915,0.872858287246294,0.8695703393954417,0.8687845545513905,0.8679847673476474,0.9938509369033283,0.9728624811031424,0.9669667750058726,0.9610748237302832,1
shape 1107 .jpg,370.546875,875.0,503.02734375,132.0,1.453125,3.4313725490196076,1.97265625,0.5176470588235295,0.9943015582228647,0.9865438440008611,0.9922642121036201,0.99797004275213,0.7893173657368983,0.7838933389515461,0.7874669772331316,0.7910312349656621,0.9846529904815459,0.963849909829083,0.979216825649533,0.9945466145713893,1
shape 303 .jpg,244.04296875,265.0,510.0,755.0,0.95703125,1.0392156862745097,2.0,2.9607843137254903,0.9962469939908651,0.9959247070402608,0.992156983360502,0.9883892596807431,0.9271658616129856,0.9267274745861427,0.9247079349444224,0.9227168871444531,0.9725300799819329,0.9702783569288749,0.9428066022157648,0.9153213565332098,1
shape 871 .jpg,510.0,510.0,11.953125,510.0,2.0,2.0,0.046875,2.0,0.992156983360502,0.992156983360502,0.9998161792975118,0.992156983360502,0.9260640782376967,0.9260852615502365,0.9304388732663809,0.9260852615502365,0.9417402936989664,0.9417233095718881,0.9986292026673039,0.9417233095718881,1
shape 901 .jpg,510.0,443.0,66.73828125,577.0,2.0,1.7372549019607844,0.26171875,2.2627450980392156,0.992156983360502,0.9931873404484359,0.9989736677444407,0.9911266262725679,0.8415188661828114,0.8420953550960562,0.8460181400718619,0.8408901037785753,0.9723895780887479,0.9760206018605069,0.9963762481263979,0.968767239895062,1
shape 785 .jpg,236.07421875,273.0,510.0,747.0,0.92578125,1.0705882352941176,2.0,2.929411764705882,0.9963695411258574,0.9958016793282687,0.992156983360502,0.9885122873927352,0.8965492210855748,0.8958647222859887,0.8938142698126035,0.8918511320624122,0.9811482293896823,0.978274359907113,0.9594280814389845,0.9405529188667155,1
shape 708 .jpg,510.0,873.0,361.58203125,147.0,2.0,3.423529411764706,1.41796875,0.5764705882352941,0.992156983360502,0.9865746009288592,0.9944394237497308,0.9977393657921446,0.8493391960729546,0.84612051281237,0.8511700875905833,0.8525900084477409,0.9710415766135363,0.9504287870525795,0.9794034110104458,0.9916529572700219,1
shape 340 .jpg,510.0,729.0,218.14453125,291.0,2.0,2.8588235294117648,0.85546875,1.1411764705882352,0.992156983360502,0.9887890997447175,0.9966452721795896,0.9955248669762864,0.9020752681783166,0.9001770324648859,0.9048103272347413,0.9038522555581061,0.9560555843761507,0.9372266045830764,0.9811502504096461,0.9749423071792525,1
shape 952 .jpg,420.3515625,88.0,510.0,932.0,1.6484375,0.34509803921568627,2.0,3.6549019607843136,0.9935356386291637,0.9986466951680866,0.992156983360502,0.9856672715529173,0.8941317535851792,0.8965907515895416,0.8930095011180788,0.8894374371179531,0.9666961887498375,0.993051798958972,0.9597276494964868,0.926412234429112,1
shape 1377 .jpg,475.13671875,116.0,362.578125,839.0,1.86328125,0.4549019607843137,1.421875,3.2901960784313724,0.9926931270760926,0.9982160981761141,0.9944241053578569,0.9870974687048257,0.8083837614059299,0.811593074434786,0.8096814771733603,0.804820805068846,0.9784621233205175,0.9947459780370972,0.9835454195916135,0.9619979522510984,1
shape 1071 .jpg,301.81640625,813.0,510.0,207.0,1.18359375,3.1882352941176473,2.0,0.8117647058823529,0.9953585272621721,0.9874973087688002,0.992156983360502,0.9968166579522038,0.8239644600637842,0.818691409999524,0.821485322478264,0.8242747898560284,0.9853330390964918,0.9606081612304151,0.9752878843587598,0.989970343634312,1
shape 384 .jpg,204.19921875,309.0,510.0,713.0,0.80078125,1.211764705882353,2.0,2.7960784313725493,0.996859729665826,0.9952480546243042,0.992156983360502,0.9890351551687018,0.8710689139524688,0.8697002701323955,0.8679675205563321,0.8661773575354796,0.9868113958226454,0.9801080890625403,0.9671630216775423,0.9541005420763468,1
shape 1213 .jpg,53.7890625,564.0,510.0,456.0,0.2109375,2.211764705882353,2.0,1.788235294117647,0.999172806838803,0.9913265463045551,0.992156983360502,0.9929874204164488,0.8027874362745994,0.7973224309345759,0.7978241240032073,0.7983469829575954,0.9976679099756568,0.975613974403321,0.977949827045262,0.9802836388792808,1
shape 705 .jpg,510.0,782.0,270.9375,238.0,2.0,3.066666666666667,1.0625,0.9333333333333333,0.992156983360502,0.9879740411527697,0.9958333974102667,0.9963399255682343,0.8821162462092742,0.8797749269057815,0.8845659034319702,0.8844425948055478,0.9633651142522177,0.943833134655142,0.9804742895291829,0.9829057366341735,1
shape 105 .jpg,510.0,704.0,193.2421875,316.00000000000006,2.0,2.76078431372549,0.7578125,1.23921568627451,0.992156983360502,0.9891735613446928,0.9970282319764402,0.9951404053763111,0.901653277311103,0.9000367581801754,0.9046743069181267,0.9032936969095706,0.9562421981116852,0.9395919166991725,0.9833606374117012,0.9728850080638332,1
shape 1017 .jpg,208.18359375,719.0,510.0,301.0,0.81640625,2.819607843137255,2.0,1.1803921568627451,0.99679845609833,0.9889428843847077,0.992156983360502,0.9953710823362962,0.7690486444664669,0.7633680318400197,0.7654984122497216,0.7675012787063289,0.9921021024961633,0.9727877078637746,0.9806928920217585,0.9886079277705097,1
shape 875 .jpg,510.0,542.0,31.875,478.0,2.0,2.1254901960784314,0.125,1.8745098039215686,0.992156983360502,0.9916648725125334,0.9995098114600314,0.9926490942084705,0.8924736372283595,0.8921884324617065,0.8969094262197893,0.8927312007773311,0.959924531498263,0.9574153966983341,0.9974869926220349,0.9624438369405972,1
shape 1022 .jpg,278.90625,765.0,485.09765625,206.0,1.09375,3.0,1.90234375,0.807843137254902,0.9957108502752745,0.9882354750407529,0.9925399431573525,0.9968320364162027,0.7571080021380452,0.7517142664585638,0.7545852515894362,0.757322016580553,0.9898484103816627,0.9722071260148092,0.9823718529182585,0.992516012319367,1
shape 1086 .jpg,310.78125,783.0,471.15234375,160.0,1.21875,3.070588235294118,1.84765625,0.6274509803921569,0.9952206617353059,0.9879586626887706,0.9927544006435887,0.9975394457601574,0.786681991683516,0.7816952157322405,0.7848264168174874,0.7877066530307905,0.9873014590438609,0.9680643713390061,0.9807731766027268,0.9934743330175612,1
shape 953 .jpg,398.4375,149.0,510.0,908.0,1.5625,0.5843137254901961,2.0,3.5607843137254904,0.9938726432503922,0.9977086088641467,0.992156983360502,0.9860363546888937,0.9096055831498326,0.9113790140739648,0.9083035783445518,0.9050643960172672,0.9632046313104058,0.9862872690299993,0.953092122393877,0.9164288938687163,1
shape 1260 .jpg,289.86328125,792.0,501.03515625,211.0,1.13671875,3.1058823529411765,1.96484375,0.8274509803921568,0.9955423479646603,0.9878202565127795,0.9922948488873681,0.9967551440962077,0.842841498621116,0.8378507700707393,0.8404827858937011,0.8430783208625048,0.9843687671702311,0.9574090329827449,0.9730531073832488,0.9886535632937107,1
shape 601 .jpg,510.0,498.0,19.921875,522.0,2.0,1.9529411764705882,0.078125,2.047058823529412,0.992156983360502,0.9923415249284901,0.9996936321625196,0.9919724417925138,0.8953734555573157,0.8954993435365344,0.8999268643490934,0.8952964732929488,0.9588340247310811,0.9597933999991596,0.9983860294072563,0.9578557325292395,1
shape 1369 .jpg,387.48046875,899.0,510.0,121.0,1.51953125,3.5254901960784317,2.0,0.47450980392156866,0.9940411455610064,0.9861747608648848,0.992156983360502,0.998139205856119,0.8831491985927656,0.8783615378322623,0.8816962010325058,0.8850400780061771,0.9721705903102643,0.9356496900583869,0.9634914563085162,0.9913388348131977,1
shape 1467 .jpg,60.76171875,571.0,510.0,449.0,0.23828125,2.2392156862745094,2.0,1.7607843137254902,0.9990655780956847,0.991218897056562,0.992156983360502,0.9930950696644419,0.9016273658226172,0.8969483405360233,0.8974771152337814,0.8979772249005818,0.9949797800868768,0.9529860836109172,0.9580026632078683,0.9630310885136631,1
shape 1056 .jpg,510.0,320.0,189.2578125,700.0,2.0,1.2549019607843137,0.7421875,2.7450980392156863,0.992156983360502,0.9950788915203149,0.9970895055439363,0.9892350752006889,0.8023749591551922,0.8040726496119331,0.805913106665391,0.8004877193191239,0.9774889521873216,0.9858817992862465,0.9916268052405917,0.9691164359386643,1
shape 1140 .jpg,255.0,229.0,37.8515625,281.0,1.0,0.8980392156862744,0.1484375,1.1019607843137254,0.996078491680251,0.9964783317442254,0.9994179011087873,0.9956786516162767,0.845936067821353,0.8461643535201989,0.8468826027532984,0.845695390101971,0.9860186643261503,0.9874446862120302,0.9979373098519881,0.9845936979282992,1
shape 1448 .jpg,369.55078125,881.0,510.0,139.0,1.44921875,3.454901960784314,2.0,0.5450980392156862,0.9943168766147387,0.986451573216867,0.992156983360502,0.9978623935041369,0.9046647530774384,0.9000494598961833,0.9031383884996355,0.906267637079785,0.967696323394497,0.9232571522105611,0.9555779189491809,0.9878918775905423,1
shape 803 .jpg,510.0,303.0,206.19140625,717.0,2.0,1.188235294117647,0.80859375,2.811764705882353,0.992156983360502,0.9953403254082982,0.996829092882078,0.9889736413127057,0.8733426283271001,0.8751118458962216,0.8763894015193283,0.8715238561917147,0.9658237743866519,0.9796997412182525,0.9861397589009103,0.9519627539719041,1
shape 1451 .jpg,510.0,341.0,168.33984375,679.0,2.0,1.3372549019607844,0.66015625,2.6627450980392156,0.992156983360502,0.9947559437763356,0.9974111917732906,0.9895580229446683,0.9332418236315935,0.9346002240549942,0.9362441895461528,0.9318589567642059,0.9353293068090338,0.9567692764398987,0.9785806058613068,0.9139188818260741,1
shape 98 .jpg,229.1015625,280.0,510.0,740.0,0.8984375,1.0980392156862746,2.0,2.901960784313726,0.9964767698689755,0.9956940300802756,0.992156983360502,0.9886199366407283,0.9440274534367293,0.9434101676022537,0.9415460040614644,0.9397124613324637,0.9665409217648023,0.9592577740740973,0.9258048021133073,0.8923241171958287,1
shape 965 .jpg,493.06640625,119.0,373.53515625,868.0,1.93359375,0.4666666666666667,1.46484375,3.4039215686274513,0.9924173960223603,0.9981699627841171,0.9942556030472426,0.9866514932488543,0.8292082198221363,0.8325581786642364,0.8306817006578613,0.825723268884434,0.9751295294579916,0.994000182342166,0.9811195925441479,0.9562352462013648,1
shape 414 .jpg,414.375,61.0,476.1328125,892.0,1.625,0.2392156862745098,1.8671875,3.4980392156862745,0.9936275489804078,0.9990619136960601,0.9926778086842186,0.986282410112878,0.7992891681605262,0.8022205147083814,0.798434399060817,0.7943384791748288,0.982039286180515,0.9973612166796579,0.9793873683880123,0.9614123039153831,1
shape 1119 .jpg,510.0,261.0,248.02734375,759.0,2.0,1.023529411764706,0.97265625,2.976470588235294,0.9921569833605018,0.9959862208962569,0.9961857204233691,0.988327745824747,0.8320973794788117,0.8343874872573355,0.8350503877929456,0.8298578316991969,0.9738415890934095,0.9866115956437619,0.987238366295595,0.9610659045732389,1
shape 795 .jpg,490.078125,37.0,474.140625,966.0,1.921875,0.14509803921568626,1.859375,3.788235294117647,0.9924633511979823,0.9994309968320364,0.9927084454679667,0.9851444037769508,0.9038785140762788,0.9075531695525273,0.9040803320196672,0.8997770271106764,0.9570612629632828,0.9967629048133144,0.9584284146734705,0.9154796142736377,1
shape 742 .jpg,470.15625,36.0,494.0625,966.0,1.84375,0.14117647058823532,1.9375,3.788235294117647,0.9927697190354627,0.9994463752960354,0.9924020776304863,0.9851444037769508,0.8803753776988715,0.8838070700681151,0.8800127602358356,0.8758174583354463,0.9667966739888536,0.9974642567880605,0.9651525607902265,0.9319503618042877,1
shape 1340 .jpg,510.0,158.0,350.625,862.0,2.0,0.6196078431372549,1.375,3.380392156862745,0.992156983360502,0.9975702026881554,0.9946079260603451,0.9867437640328485,0.8360336916282631,0.8392964355035428,0.8380792359105659,0.832923604298443,0.9732558971107902,0.9917115060719506,0.9815501444567286,0.954780495152035,1
shape 46 .jpg,446.25,51.0,488.0859375,936.0,1.75,0.19999999999999998,1.9140625,3.670588235294118,0.9931373604404392,0.9992156983360502,0.9924939879817304,0.9856057576969212,0.9035366944412238,0.9066709644940898,0.9031175300725645,0.8992558205679005,0.9611848404742577,0.9955729524955352,0.9575754684751361,0.9187449898991753,1
shape 317 .jpg,510.0,487.0,22.91015625,533.0,2.0,1.9098039215686275,0.08984375,2.0901960784313727,0.992156983360502,0.9925106880324793,0.9996476769868976,0.9918032786885247,0.9086201217115457,0.9087994525396534,0.9130076978923332,0.908416271046041,0.9529302144733371,0.9550590022106706,0.9978783669978833,0.950814061967736,1
shape 732 .jpg,292.8515625,216.0,510.0,804.0,1.1484375,0.8470588235294118,2.0,3.1529411764705886,0.9954963927890383,0.9966782517762126,0.992156983360502,0.9876357149447913,0.8943863466606616,0.8946661879975233,0.8921523684105075,0.8896778956164457,0.9769738530607333,0.9830746385903791,0.9600415926399604,0.9370000436419674,1
shape 959 .jpg,510.0,150.0,358.59375,870.0,2.0,0.5882352941176471,1.40625,3.411764705882353,0.992156983360502,0.9976932304001477,0.9944853789253529,0.9866207363208563,0.9152770763460403,0.9181613322491051,0.9167257502753104,0.9122068057903832,0.9492308396316335,0.9850864322270787,0.9642203333576412,0.9135013069170551,1
shape 702 .jpg,510.0,810.0,298.828125,210.0,2.0,3.176470588235294,1.171875,0.823529411764706,0.9921569833605018,0.9875434441607973,0.9954044824377941,0.9967705225602067,0.8673939097022872,0.8647392101943591,0.869647634822658,0.8699749313841532,0.9672993034195597,0.9480805574737282,0.9807827355110302,0.9865394037894851,1
shape 889 .jpg,510.0,428.0,81.6796875,592.0,2.0,1.6784313725490196,0.3203125,2.32156862745098,0.992156983360502,0.9934180174084213,0.9987438918663304,0.9908959493125826,0.8778011679342647,0.8785169863034967,0.8819392165068356,0.8771029305632854,0.9646201106055119,0.9703067207654721,0.9943143302413137,0.9589289221802791,1
shape 458 .jpg,275.91796875,233.0,510.0,787.0,1.08203125,0.9137254901960784,2.0,3.0862745098039217,0.9957568054508966,0.9964168178882293,0.992156983360502,0.9878971488327746,0.892297093114203,0.8922812460238531,0.8899220723943421,0.8875695273339217,0.9787391214966782,0.982107412484197,0.9608346573684977,0.9395645219959785,1
shape 186 .jpg,510.0,532.0,21.9140625,488.0,2.0,2.0862745098039217,0.0859375,1.9137254901960783,0.992156983360502,0.9918186571525236,0.9996629953787716,0.9924953095684803,0.8894558014719117,0.8892697362492475,0.8940154976194989,0.8896441492597034,0.9609962512763429,0.9593133419085429,0.9983183092645562,0.9626784038559565,1
shape 872 .jpg,510.0,537.0,28.88671875,483.0,2.0,2.1058823529411765,0.11328125,1.8941176470588235,0.992156983360502,0.9917417648325285,0.9995557666356535,0.9925722018884753,0.9068056586430729,0.9065334220839423,0.9111227036806052,0.9069841611176348,0.9538426864998871,0.9514233972285834,0.9973777428258304,0.9563081952726367,1
shape 1380 .jpg,499.04296875,144.0,360.5859375,861.0,1.95703125,0.5647058823529413,1.4140625,3.376470588235294,0.9923254856711162,0.9977855011841417,0.9944547421416049,0.9867591424968474,0.7873774857751337,0.7908364592223077,0.7893148833171979,0.7839476822589573,0.9793925876219648,0.9940528389142711,0.9850717914980588,0.9644401906680601,1
shape 787 .jpg,241.0546875,282.0,515.9765625,754.0,0.9453125,1.1058823529411765,2.0234375,2.9568627450980394,0.9962929491664873,0.9956632731522774,0.9920650730092578,0.9884046381447421,0.9292711058235924,0.9286763576224578,0.9267226593434014,0.9248225123475219,0.9720770090530443,0.967451810795118,0.9404780680448923,0.9129739905656696,1
shape 185 .jpg,504.0234375,95.0,408.3984375,914.0,1.9765625,0.37254901960784315,1.6015625,3.5843137254901962,0.9922488937117461,0.9985390459200936,0.993719459331652,0.9859440839048996,0.862530445724427,0.8660910364175608,0.8637609417779505,0.8589091201655676,0.9687891169733546,0.9941191023650893,0.9746417045035823,0.9434170897328791,1
shape 166 .jpg,510.0,719.0,208.18359375,301.0,2.0,2.819607843137255,0.81640625,1.1803921568627451,0.992156983360502,0.9889428843847077,0.9967984560983298,0.9953710823362962,0.8512362921196595,0.8493810612532655,0.8544238898753989,0.8530976778753228,0.9706924769360529,0.9586823919724599,0.9879986075731088,0.9827029207005707,1
shape 907 .jpg,435.29296875,57.0,493.06640625,930.0,1.70703125,0.22352941176470587,1.93359375,3.6470588235294117,0.9933058627510535,0.9991234275520562,0.9924173960223603,0.9856980284809154,0.8439706302392908,0.846962578123123,0.8431272701119256,0.8391268958613812,0.9761825183150434,0.9968890965807846,0.973073794530621,0.9492413245721961,1
shape 401 .jpg,544.86328125,239.0,728.14453125,1262.0,2.13671875,0.9372549019607843,2.85546875,4.949019607843137,0.9916208396449112,0.9963245471042352,0.9888022555400916,0.9805923784332421,0.8951125247729366,0.8973652581868654,0.8932978555647105,0.8887672599238422,0.9560060294705884,0.9807639069584267,0.9413557123041659,0.8984205634250171,1
shape 569 .jpg,24.90234375,523.0,510.0,497.0,0.09765625,2.0509803921568626,2.0,1.9490196078431372,0.9996170402031496,0.9919570633285147,0.992156983360502,0.9923569033924892,0.9363799855328323,0.9320752829690366,0.9321711979894632,0.9322863869205352,0.9968816333332776,0.9347457673080084,0.9363770246062076,0.9379897635795031,1
shape 839 .jpg,363.57421875,145.0,510.0,875.0,1.42578125,0.5686274509803921,2.0,3.4313725490196076,0.9944087869659829,0.9977701227201428,0.992156983360502,0.9865438440008611,0.8352795458188673,0.8367328484149453,0.8334161784913108,0.8301033125157425,0.9811580930902262,0.992508356830671,0.9736485466076015,0.9547918084609455,1
shape 1379 .jpg,510.0,255.0,254.00390625,765.0,2.0,1.0,0.99609375,3.0,0.9921569833605018,0.996078491680251,0.996093810072125,0.9882354750407529,0.850182594726192,0.8524781547859774,0.8529866207277425,0.8479380264715113,0.9708875044525794,0.9854419621112379,0.9854528199821068,0.956325886333714,1
shape 906 .jpg,453.22265625,49.0,442.265625,897.0,1.77734375,0.19215686274509802,1.734375,3.5176470588235293,0.993030131697321,0.9992464552640483,0.9931986340079353,0.9862055177928829,0.8047930912125011,0.8083668417056022,0.8049545457129411,0.8003890430654185,0.979819791020526,0.9978207692758773,0.9803023194684286,0.9601047647250088,1
shape 270 .jpg,824.765625,1061.0,256.9921875,593.0,3.234375,4.1607843137254905,1.0078125,2.325490196078431,0.9873163715283118,0.9836834496970444,0.9960478548965029,0.9908805708485837,0.7673034805450891,0.7650047786860399,0.7726199023690179,0.769575514027034,0.9681888382817967,0.9590767484201254,0.99009774738675,0.9771277208417855,1
shape 707 .jpg,510.0,751.0,240.05859375,269.0,2.0,2.9450980392156865,0.94140625,1.0549019607843138,0.992156983360502,0.9884507735367392,0.9963082675583612,0.9958631931842648,0.9095017948382585,0.9074926965724404,0.9120643846117125,0.9115038414267501,0.9524729963412378,0.9300209962841048,0.9775521082809537,0.9749342849539603,1
shape 888 .jpg,408.3984375,100.0,510.0,920.0,1.6015625,0.39215686274509803,2.0,3.607843137254902,0.993719459331652,0.9984621536000984,0.9921569833605018,0.9858518131209055,0.8741596623480324,0.8764121336985448,0.8728139574853724,0.86930173472084,0.9726457482065773,0.9933242393920179,0.9659606996082764,0.9385830024065633,1
shape 392 .jpg,510.0,409.0,100.60546875,611.0,2.0,1.603921568627451,0.39453125,2.396078431372549,0.992156983360502,0.9937102082244025,0.9984528424207241,0.9906037584966013,0.8998326770941463,0.9006640741661778,0.9036227558341223,0.8989649639253029,0.9570285041751146,0.9655450334680336,0.9914953178143673,0.9485281551319523,1
shape 1282 .jpg,510.0,438.0,71.71875,582.0,2.0,1.7176470588235293,0.28125,2.2823529411764705,0.9921569833605018,0.9932642327684311,0.9988970757850706,0.9910497339525728,0.8541914618239863,0.8548219694025035,0.858572670195854,0.853546017664978,0.970129953064092,0.974348227310155,0.9957863001750942,0.965914767795686,1
shape 1371 .jpg,394.453125,904.0,508.0078125,113.0,1.546875,3.5450980392156866,1.9921875,0.4431372549019608,0.9939339168178882,0.9860978685448897,0.9921876201442501,0.9982622335681113,0.8523384341242879,0.8473324176053898,0.8508738728829772,0.854362952418119,0.9773218413800725,0.9481871929045849,0.9708773716122485,0.9935236517835276,1
shape 1077 .jpg,418.359375,55.0,401.42578125,819.0,1.640625,0.2156862745098039,1.57421875,3.211764705882353,0.9935662754129118,0.9991541844800541,0.99382668807477,0.987405037984806,0.8396054042987527,0.8426995723888182,0.8398356119484695,0.8357937333121663,0.9777122110056363,0.9970733824269825,0.9786047386902174,0.9564200037763402,1
shape 851 .jpg,242.05078125,267.0,510.0,753.0,0.94921875,1.0470588235294116,2.0,2.952941176470588,0.9962776307746132,0.9958939501122628,0.992156983360502,0.9884200166087411,0.8936118692958175,0.8930192927588305,0.8909626340110386,0.8888906843769656,0.9811760280353419,0.9793067121175832,0.9604688476869504,0.9416402779945332,1
shape 848 .jpg,320.7421875,188.0,510.0,832.0,1.2578125,0.7372549019607842,2.0,3.2627450980392156,0.9950674778165657,0.9971088487681851,0.992156983360502,0.9872051179528188,0.8774908180816791,0.8782165852413516,0.8754242577219664,0.8726487509304455,0.9780872365533568,0.9871987604887553,0.9652729186195265,0.9433477059927898,1
shape 663 .jpg,510.0,926.0,414.37500000000006,94.0,2.0,3.631372549019608,1.6250000000000002,0.3686274509803921,0.9921569833605018,0.9857595423369114,0.9936275489804078,0.9985544243840926,0.864764554276885,0.8610842284603842,0.866007424969691,0.8683665241131624,0.9679086881614557,0.9417549878676212,0.9738507594081501,0.9940874393731712,1
shape 281 .jpg,510.0,314.0,195.234375,706.0,2.0,1.231372549019608,0.765625,2.768627450980392,0.992156983360502,0.995171162304309,0.9969975951926922,0.9891428044166948,0.9118498366213861,0.9134736338269249,0.9147752383803863,0.9102198597217919,0.9512085692472793,0.9699620419107121,0.9812572695229862,0.9324624254425571,1
shape 687 .jpg,450.234375,39.0,486.09375,938.0,1.765625,0.15294117647058822,1.90625,3.6784313725490194,0.9930760868729431,0.9994002399040384,0.9925246247654784,0.9855750007689232,0.8577209154440907,0.8610340225808756,0.8572298315321437,0.8530958692929709,0.9731042063027087,0.9976755019397564,0.9709957113555844,0.9440905232840917,1
shape 571 .jpg,27.890625,538.0,510.0,482.0,0.109375,2.1098039215686275,2.0,1.8901960784313725,0.9995710850275275,0.9917263863685295,0.992156983360502,0.9925875803524744,0.9042873807810604,0.8996258090931024,0.8998733746266082,0.9000968250590714,0.9976411572895508,0.9546565121579879,0.9570112531424676,0.9593762804092008,1
shape 1353 .jpg,193.2421875,704.0,510.0,316.0,0.7578125,2.76078431372549,2.0,1.2392156862745098,0.9970282319764402,0.9891735613446928,0.992156983360502,0.9951404053763111,0.8762385106648634,0.8713700997584167,0.8730975619778535,0.8747337809608549,0.9870364087285028,0.9529287777495908,0.9658873933499054,0.9788714400126003,1
shape 462 .jpg,446.25,63.0,508.0078125,956.0,1.75,0.24705882352941175,1.9921875,3.7490196078431373,0.9931373604404392,0.999031156768062,0.99218762014425,0.985298188416941,0.9017809392782061,0.90467773870506,0.9010443905238978,0.8971823305852679,0.9618684460397449,0.994635047982449,0.9566856656320266,0.9185834405324997,1
shape 915 .jpg,34.86328125,545.0,510.0,475.0,0.13671875,2.1372549019607843,2.0,1.8627450980392157,0.9994638562844094,0.9916187371205364,0.992156983360502,0.9926952296004675,0.902224826717989,0.8975473852107957,0.8978420011951311,0.898137479074049,0.9971089837784364,0.954962373787632,0.9578548277608928,0.960747023025918,1
shape 269 .jpg,555.8203125,255.0,350.625,892.0,2.1796875,1.0,1.375,3.4980392156862745,0.991452337334297,0.996078491680251,0.9946079260603451,0.9862824101128779,0.9045177546274416,0.907136268477818,0.9065641630652311,0.9018232697624943,0.9506970581464367,0.977357835117431,0.9687914760349898,0.920791133228166,1
shape 1470 .jpg,25.8984375,532.0,510.0,488.0,0.1015625,2.0862745098039217,2.0,1.9137254901960783,0.9996017218112755,0.9918186571525236,0.992156983360502,0.9924953095684803,0.9245172687779859,0.9200523467095856,0.9202490261473913,0.9204142378239435,0.9972507409755855,0.9437271018481268,0.9460433994304982,0.9483812513193345,1
shape 434 .jpg,315.76171875,193.0,510.0,827.0,1.23828125,0.7568627450980393,2.0,3.243137254901961,0.9951440697759357,0.99703195644819,0.992156983360502,0.9872820102728139,0.8545186332292691,0.8551202941984264,0.852317361362261,0.8494901789410585,0.981673065950706,0.9888337941946532,0.9704893924357315,0.9521530974040322,1
shape 499 .jpg,653.4375,228.0,554.82421875,1177.0,2.5625,0.8941176470588235,2.17578125,4.6156862745098035,0.9899511349306431,0.9964937102082244,0.991467655726171,0.9818995478731585,0.7727160691127974,0.7766384049040921,0.7737472646425222,0.7673951200336069,0.9744274924635183,0.9910856893348282,0.9782808805493828,0.9539809950556065,1
shape 1474 .jpg,137.4609375,372.0,510.0,648.0,0.5390625,1.4588235294117646,2.0,2.541176470588235,0.9978860619213853,0.9942792113923662,0.992156983360502,0.9900347553286378,0.9387434889108284,0.9366075445982392,0.9354595098776101,0.9343745244746698,0.9818778434556467,0.9511362612562567,0.933041259634378,0.9148825196076729,1
shape 957 .jpg,510.0,464.0,45.8203125,556.0,2.0,1.8196078431372549,0.1796875,2.180392156862745,0.992156983360502,0.9928643927044567,0.9992953539737951,0.9914495740165473,0.9034112910431846,0.9037985833452067,0.9076597467690137,0.9030278137391138,0.9554535305533641,0.959470735051406,0.9959837083284158,0.9514347601047021,1
shape 1337 .jpg,502.03125,156.0,345.64453125,849.0000000000001,1.96875,0.6117647058823529,1.35546875,3.329411764705883,0.9922795304954941,0.9976009596161535,0.9946845180197152,0.9869436840648357,0.8227329332669565,0.825848429356332,0.824620584089453,0.8194768122380286,0.9755251244270731,0.9923979045072847,0.9831098370095538,0.958625832715379,1
shape 77 .jpg,135.46875,256.0,390.46875,526.0,0.53125,1.0039215686274512,1.53125,2.062745098039216,0.9979166987051333,0.996063113216252,0.9939951903853843,0.9919109279365177,0.9586821858596922,0.9575662774158273,0.9565043392190905,0.9554218241458636,0.9735783481877349,0.95025676169654,0.9241140404611717,0.8977931900483591,1
DSC_0394.jpg,36.44594246709558,159.61247318529684,319.4778956988136,165.22035163497216,0.1429252645768454,0.625931267393321,1.252854492936524,0.6479229475881261,0.9994395173858595,0.997545405327326,0.9950869206825144,0.9974591647704769,0.7327273943924428,0.7317022694519518,0.7302998524905405,0.7316436291391644,0.9987882590790923,0.9946888187582622,0.989360240405111,0.9945022139257358,0
DSC_0382.JPG,50.21911839942821,174.5511073747681,350.6050600273074,185.15423889726344,0.19693771921344397,0.684514146567718,1.3749218040286564,0.7260950544990723,0.9992277070956321,0.9973156720792488,0.9946082327064973,0.9971526122028532,0.7387489727490149,0.7372980000072261,0.7353138394773195,0.7371880224605089,0.9982969309190731,0.9940835718784604,0.9881223902290175,0.9937241776216176,0
DSC_0377.JPG,46.61690315558737,247.7127148799861,482.9426707936007,236.92108324153526,0.18281138492387206,0.971422411294063,1.8938928266415715,0.9291022872217068,0.9992831036330762,0.9961905589321196,0.9925730835236122,0.9963565176507622,0.7282263418423714,0.7259655091751792,0.723353433575313,0.7260789522270876,0.9984713150321017,0.9918804999709345,0.9841772017212028,0.9922342268817413,0
DSC_0304.JPG,18.434866247891367,146.22896495245826,291.4634478031692,145.14508928571428,0.07229359312898576,0.5734469213821892,1.1429939129536046,0.5691964285714285,0.9997165000730801,0.9977512231268653,0.9955177398609298,0.9977678914697857,0.7184343338997884,0.7169574015931129,0.7152972407833561,0.7169689739501806,0.999413724882973,0.9953510858948188,0.9907368387007941,0.9953855444911511,0
DSC_0392.JPG,59.895657387784986,191.53968032525512,378.5723455527571,195.82805796324212,0.23488493093249013,0.7511360012755103,1.4845974335402239,0.7679531684833024,0.9990788967891646,0.997054413921735,0.994178138812894,0.9969884652606151,0.7064693107575889,0.7050458282131828,0.703027147204993,0.7049993355186328,0.998157694665329,0.9941084241133643,0.9883552781824395,0.9939765177520201,0
DSC_0373.JPG,141.9461157197153,352.2124666628015,647.1620438115028,321.1570725591373,0.5566514341949619,1.3812253594619666,2.537890367888246,1.259439500231911,0.9978170867696043,0.9945835132614216,0.9900476418077153,0.9950610975216201,0.7569976095615751,0.7547011553523544,0.7515616011487679,0.7550142248805579,0.9948609512965648,0.9872562968067015,0.9765989385293444,0.9883799388195975,0
DSC_0380.JPG,85.06407631370564,234.9418320240028,471.52937720648634,251.15284199617346,0.33358461299492403,0.9213405177411874,1.8491348125744562,0.9849131058673469,0.9986918451648001,0.9963869554943561,0.9927486024481518,0.9961376550611114,0.7192990294680583,0.7175825898169758,0.7149500008321032,0.7174101564770493,0.9972820105671558,0.992495770892152,0.9849443670099831,0.9919779783311049,0
DSC_0403.JPG,126.9251135918038,310.6717536091141,629.617642099079,339.74789649524587,0.4977455434972698,1.2183206023886826,2.469088792545408,1.332344692138219,0.9980480867100574,0.9952223456216112,0.9903174477578343,0.9947751992050065,0.7089354051025897,0.7068864931042041,0.7033925554106537,0.7065733037269227,0.9960603608292455,0.9903588651628582,0.9804646387556731,0.9894565397636141,0
DSC_0101.jpg,894.8195721711315,1574.712902837903,2664.3379053538183,1312.333152958153,3.509096361455418,6.175344717011384,10.448383942563993,5.146404521404522,0.9862390494237516,0.9757833343149217,0.9590265754413032,0.9798183318525181,0.6974562964614404,0.6902310495667566,0.6788255285200927,0.693018620744645,0.9724767355068326,0.9515611307661691,0.9180356158491506,0.9596320485640267,0
DSC_0121.jpg,296.59891485809686,501.1245698816496,908.3949053452116,562.7773097900457,1.1631329994435171,1.9651943916927435,3.562332962138085,2.206969842313905,0.9954387642657077,0.9922934738430527,0.9860302816512594,0.9913453494019309,0.7482411222523818,0.7460001953971847,0.741718902631471,0.7453748489312519,0.9895285556883532,0.9823175767784641,0.9679646216412501,0.9801421299826998,0
DSC_0337.JPG,47.91181713213147,160.10728598967998,301.1788960632748,151.86040591662803,0.18788947894953514,0.627871709763451,1.1810937100520582,0.5955310035946196,0.9992631898451061,0.9975377958664278,0.9953683311896275,0.9976646202147351,0.7768199227465568,0.7755675552973728,0.7740326471293683,0.7756489222963415,0.9981384678125471,0.9937828261400635,0.9883114547565386,0.9941030632042251,0
DSC_0512.jpg,120.61088709677419,641.7070291215111,1318.8909090909092,691.5738330205243,0.47298387096774197,2.516498153417691,5.172121212121213,2.712054247139311,0.998145189814893,0.9901315315547395,0.9797174836359162,0.9893646567062325,0.7070996858246285,0.7012847671637535,0.6938654288430405,0.7007490009661265,0.9962766103495007,0.9802005276535688,0.9593269121021131,0.9786619183505741,0
DSC_0327.JPG,38.94159485825328,165.85653952632188,309.29082373676107,147.66627833661875,0.1527121366990325,0.6504178020640075,1.2129051911245534,0.5790834444573284,0.9994011380854081,0.9974493811778932,0.9952435822019383,0.9977291194547317,0.8357667614943965,0.8344531666635595,0.8329907642768197,0.8346199620990877,0.9980097033434888,0.9915300983043391,0.9842182846896077,0.9924590319751799,0
DSC_0385.jpg,34.32699232365979,192.5764309630102,388.28779381286273,197.54812152133582,0.13461565617121488,0.7552016900510204,1.5226972306386775,0.7746985157699443,0.9994721035843561,0.9970384702893764,0.9940287301415918,0.9969620133251109,0.7130709285980479,0.7114665635790995,0.7094667582244357,0.7114131856071197,0.9989248428882946,0.993966589204126,0.9878314580397372,0.993810825748114,0
DSC_0325.JPG,21.542659791597195,146.74734027133582,290.6145251396648,143.54283830009277,0.08448101879057723,0.5754797657699444,1.1396648044692737,0.5629130913729128,0.9996687069819519,0.9977432513106859,0.9955307949875485,0.9977925316288856,0.7116074900753578,0.7101763367050842,0.7085472595817709,0.7102108773365247,0.9993283820535099,0.995426037515461,0.9909439315808998,0.9955259185202614,0
DSC_0106.jpg,1169.9637325671033,2330.4501245955294,4399.838592413998,2441.4303380816004,4.588093068890601,9.139020096453057,17.25426898985882,9.574236619927845,0.9820077548585626,0.9641612566574058,0.9323372406050809,0.9624545514397072,0.7235831519232052,0.712235240780349,0.6923490987619058,0.7111241493440494,0.9607799818621002,0.921776637883975,0.8521227419519144,0.91805150112365,0
DSC_0310.JPG,73.645289429635,182.2796121289425,328.76888262716705,162.3457248666512,0.2888050565868039,0.7148220083487941,1.289289735792812,0.6366499014378478,0.9988674485678093,0.9971968195471205,0.9949440395745215,0.9975033721147442,0.7510823696831388,0.749832099920365,0.7481981315433858,0.7500354062530403,0.9973948602370445,0.9935551627738431,0.9883814397739267,0.9942599627083479,0
DSC_0390.JPG,58.55365563027565,223.9852627840909,437.3366588153379,220.45088560992582,0.22962217894225745,0.8783735795454546,1.7150457208444625,0.8645132769016699,0.999099534714879,0.9965554506999648,0.9932744339369586,0.9966098039920968,0.7092518935801704,0.7075401406111198,0.7053189549556584,0.7075782876839025,0.9981847450880947,0.9930545961978875,0.9864359365084173,0.9931641912505194,0
DSC_0504.jpg,152.07459677419357,635.1456075558515,1321.5181818181818,706.0089604649755,0.5963709677419355,2.49076708845432,5.182424242424243,2.7686625900587276,0.9976613262883431,0.9902324361400694,0.9796770802168643,0.9891426666185068,0.7067814882907069,0.7013788078322011,0.6938615879807557,0.7006175296629663,0.9953049902059236,0.9804016793583652,0.9592431575238693,0.9782150898652904,0
DSC_0296.jpg,30.089092036788212,148.93865411931816,292.1237209858948,143.87271350301484,0.11799643935995377,0.5840731534090908,1.1455832195525286,0.564206719619666,0.9995372759813492,0.9977095522695643,0.9955075858735598,0.9977874586549531,0.7340769153589294,0.7331075288025204,0.7318895748294085,0.7331604924538395,0.9989955226608072,0.9950235897685811,0.9902308725383883,0.995192854355863,0
DSC_0300.JPG,33.76193895207691,150.49378007595084,294.4346771254345,146.95940290178572,0.13239976059638003,0.5901716865723562,1.1546457926487628,0.5763113839285715,0.9994807932372884,0.9976856368210262,0.9954720469177647,0.9977399901131581,0.7248541268560408,0.7234941250967155,0.7218488950188248,0.7235315159255981,0.9989047663189412,0.9951198473521858,0.9904558003069245,0.9952344587342387,0
DSC_0378.JPG,68.86587966166317,260.7192228809137,506.00506981880295,260.4835977359694,0.2700622731829928,1.0224283250231911,1.9843336071325606,1.0215043048469388,0.9989409485488627,0.9959905388170746,0.992218419250472,0.9959941623698834,0.7116426953618811,0.7094930968748007,0.7067772797776772,0.7094956300617911,0.9978496380298796,0.9918609207834478,0.9842074406342585,0.991868276480887,0
DSC_0391.jpg,20.53027250084454,146.15827740897498,290.99182410122233,144.83877659728662,0.08051087255233152,0.5731697153293136,1.1411444082400874,0.5679952023423005,0.9996842759434557,0.9977523101927079,0.9955249927090515,0.9977726020884372,0.708690226295831,0.7073904469902788,0.7058873508997789,0.7074047256628216,0.9993652957066651,0.9954806537029083,0.9910006754337141,0.9955214538629337,0
DSC_0295.JPG,34.397623995107644,160.43716119260205,317.59140089102607,160.01303593170226,0.1348926431180692,0.6291653380102041,1.2454564740824552,0.62750210169295,0.9994710173777395,0.9975327228924953,0.9951159320750005,0.9975392452875511,0.7076909993739108,0.7063677491983034,0.7047121537451737,0.7063723433567314,0.9989391430080276,0.9950513491377043,0.9902027236347987,0.9950644311931488,0
DSC_0104.jpg,616.196320966399,2359.7179750057444,4571.226287262873,2383.0507927810086,2.416456160652545,9.253795980414685,17.926377597109305,9.34529722659219,0.9905238470616922,0.9637111620735437,0.9297015611099733,0.9633523391753912,0.709054477249985,0.6907758706143666,0.6684450729426489,0.6905348446122843,0.9805755935352451,0.9256145674655364,0.8558915406019435,0.924879089045428,0
DSC_0302.JPG,20.08293858167476,148.42027880044063,296.08536008224854,147.7134033656076,0.07875662188892063,0.5820403090213359,1.1611190591460727,0.5792682484925789,0.9996911552520273,0.9977175240857434,0.9954466619493396,0.9977283947441699,0.7529824970805513,0.7515071939640697,0.7498376023723555,0.7515143936731813,0.9992862413780347,0.9947281205345573,0.9894891653876046,0.9947532287079125,0
DSC_0333.JPG,49.960135604119394,168.16566594677641,309.903934549292,151.81328088763914,0.19592210040831137,0.65947319979128,1.2153095472521256,0.5953461995593692,0.9992316898532261,0.9974138703603669,0.9952341534993804,0.9976653449252969,0.7098403230574495,0.7085025436365496,0.706913751243783,0.7086791201111309,0.9984489592658673,0.9947801044271165,0.9903821720789278,0.9952876856976195,0
DSC_0389.JPG,106.13585829565044,356.76003196022725,659.0469611005641,319.1542588271104,0.4162190521398056,1.3990589488636365,2.584497886668879,1.2515853287337664,0.9983677935241957,0.9945135786922119,0.9898648700350542,0.9950918977204948,0.7114036209137427,0.7086228911558948,0.7053006955151755,0.7090265991177916,0.9966843115870208,0.9888575610370524,0.9794215068772705,0.990032076101108,0
DSC_0322.jpg,35.92797687647794,165.78585198283858,314.71449630915015,153.06209415584416,0.14089402696658015,0.6501405960111317,1.2341744953300005,0.6002435064935064,0.9994474829010476,0.9974504682437357,0.9951601744485413,0.9976461400954104,0.7395042472623757,0.73800361774975,0.736308103844317,0.7381355263007845,0.9987791681638902,0.9943694164504528,0.9893166935797454,0.9948015533345852,0
DSC_0301.JPG,40.87219387782812,149.59840452516232,287.03018500486854,147.6191533076299,0.16028311324638478,0.5866604099025974,1.1256085686465434,0.578898640422078,0.999371448437889,0.9976994063216996,0.9955859166332719,0.9977298441652934,0.7567823919240921,0.7555408035248795,0.7540105180000685,0.755560854580669,0.9985267598246927,0.994610377656321,0.9896641876945035,0.9946816846774063,0
DSC_0307.JPG,37.1758030720568,150.77653024988405,293.6800792023195,143.0951505246985,0.14578746302767373,0.591280510783859,1.1516865851071354,0.5611574530380334,0.9994282932508218,0.9976812885576556,0.9954836514747591,0.9977994163792222,0.711095481576753,0.709792102815654,0.708175814089393,0.7098749361590293,0.9988421462919479,0.9953050565948023,0.9908572868456651,0.9955442426473252,0
DSC_0107.jpg,531.5011526399549,824.3960275162585,1441.1711711711712,821.342708895828,2.084318245646882,3.2329255981029745,5.651651651651652,3.2209517995914823,0.991826328658691,0.9873220553699096,0.9778370010277246,0.9873690107203914,0.7061037627151473,0.7030491205343488,0.6965877125640445,0.7030816691752825,0.9834307252649187,0.9742943569332022,0.9550524538587677,0.9743895630186348,0
DSC_0515.jpg,78.12417709019091,627.8409090909091,1209.7674418604652,576.3257575757576,0.3063693219223173,2.4621212121212124,4.7441860465116275,2.2601010101010104,0.9987985701551657,0.9903447711824361,0.9813956349481674,0.9911369950854156,0.747491586315383,0.7433311063726569,0.7389609469184308,0.7438539498778746,0.9972697851229891,0.9779505601094493,0.9572972640629326,0.9797597449209818,0
DSC_0398.JPG,56.57596882973558,208.43400321776437,413.04803816507376,212.48675571080707,0.22186654443033563,0.8173882479128014,1.6197962280983285,0.8332813949443414,0.9991299485001425,0.9967946051853449,0.9936479556152142,0.9967322800770337,0.8188556813402907,0.8172796288952545,0.8152153050649067,0.8172417446449737,0.9973522555665384,0.9902528266546075,0.9806991603463402,0.990063304405522,0
DSC_0314.JPG,20.6009041722924,148.09040359751856,299.74044377233685,153.10921918483302,0.08078785949918588,0.5807466807745826,1.1754527206758307,0.6004283105287569,0.9996831897368392,0.9977225970596758,0.9953904523763981,0.9976454153848486,0.8119233780414635,0.8105541785368776,0.8089595920715867,0.8105066603570368,0.9990694599077751,0.9933159975540975,0.9864818989137311,0.993089479423364,0
DSC_0508.jpg,27.440938690938694,55.25309622291592,111.77041007271171,57.793161135171914,0.10761152427819096,0.21667880871731732,0.4383153336184773,0.22663984758890948,0.9995780005122423,0.9991502922489017,0.9982811427725415,0.9991112299520934,0.7070024358377612,0.7067076921069027,0.7061016403079934,0.7066801023776978,0.9991555248127943,0.9982995899424861,0.9965602000615654,0.99822141962772,0
DSC_0501.jpg,126.90185775942953,1371.9603825136612,2715.093832751276,1325.076844262295,0.4976543441546256,5.38023679417122,10.647426795103042,5.196379781420765,0.9980484443490385,0.9789013566494378,0.9582460272390847,0.9796223534545827,0.8207443027844583,0.8147163694321988,0.8085507536445118,0.8151545328037947,0.9939845896713364,0.9331429808624546,0.8636515047161356,0.9354229471149539,0
DSC_0397.JPG,87.15948256665881,312.86306745709646,593.9628902318952,298.4428085865028,0.3418018924182698,1.2269139900278294,2.329266236203511,1.1703639552411873,0.9986596210351758,0.9951886465804893,0.9908657630758173,0.9954104080123873,0.7554633312117581,0.7529996705975952,0.7499860514902076,0.7531455263965592,0.9968677609544069,0.9887636822798567,0.9786814064459441,0.9892815785326604,0
DSC_0115.jpg,243.89352418860992,920.1532677848468,1692.56993006993,797.299016772701,0.9564451928965095,3.608444187391556,6.637529137529137,3.126662810873337,0.9962492922186723,0.9858494560977942,0.9739708742646029,0.9877387657741103,0.8626876468678136,0.8605977605496435,0.8578786477978005,0.8616817605754599,0.9851179782009821,0.9423408638977704,0.8909494230635273,0.9500336209929351,0
DSC_0703.JPG,94.31682527337526,306.68968865955475,599.1035885831162,299.4795592242579,0.3698699030328441,1.2027046614100185,2.349425837580848,1.1744296440166977,0.9985495520980319,0.9952835836640797,0.9907867070312935,0.9953944643800287,0.7705628847073646,0.7682763102110799,0.765206621789568,0.7683477972872722,0.9964166851748968,0.9883559949520238,0.977269315564216,0.9886297400000169,0
DSC_0514.jpg,44.612704777441515,575.4688646368305,1129.959774738536,549.627430300807,0.1749517834409471,2.2567406456346295,4.4312148028962195,2.155401687454145,0.9993139251256814,0.991150172782628,0.9826229542838475,0.9915475743502475,0.7249969037144036,0.7202471867511712,0.7153357039450647,0.7205182451182032,0.9985516269860693,0.9812688227277313,0.9631226777144848,0.9821099464048971,0
DSC_0500.jpg,256.4488636363636,1336.7164556962025,2212.730155482815,1323.546835443038,1.0056818181818181,5.242025316455696,8.677373158756138,5.1903797468354425,0.9960562103829796,0.979443354109184,0.965971608964371,0.979645882640128,0.9366153184227591,0.9360601434805279,0.9346806845218083,0.9361638948425268,0.966809158452124,0.8016829042575961,0.6360585594031891,0.8036367672698365,0
DSC_0336.jpg,28.22912468866124,151.22421802527828,290.6145251396648,139.06596054615028,0.11070244975945584,0.5930361491187384,1.1396648044692737,0.5453567080241187,0.9995658794222517,0.997674403807319,0.9955307949875486,0.9978613791322525,0.7999089084126629,0.7985661453070663,0.7970684922864494,0.798682685368131,0.9987931247887422,0.9935394067322537,0.9875933639969918,0.9940588311831973,0
DSC_0324.JPG,29.453406993757472,157.0205965909091,290.6145251396648,133.26958198051946,0.1155035568382646,0.6157670454545454,1.1396648044692737,0.5226258116883117,0.9995470518408982,0.9975852644082228,0.9955307949875486,0.9979505185313488,0.8178488512812234,0.8164835231953639,0.8150641695066866,0.8167061728467181,0.9986301919404657,0.9927034174499193,0.9865066756325972,0.9938071022053936,0
DSC_0315.jpg,21.542659791597195,151.74259334415584,300.1413239189917,151.0357179093228,0.08448101879057723,0.5950689935064934,1.1770247996823204,0.5922969329777366,0.9996687069819519,0.9976664319911397,0.9953842874554948,0.997677302649566,0.781044214180574,0.779590154168421,0.7779602160383147,0.7795970938143101,0.9991497300632047,0.9940150349782466,0.9881702213830946,0.994042915250087,0
DSC_0509.jpg,78.3776114166416,488.16817529568647,938.6726539848668,485.19929846938777,0.3073631820260455,1.914385001159555,3.6810692313132027,1.9027423469387756,0.9987946727245003,0.99249272329075,0.9855646563838332,0.9925383800561408,0.8616387085368017,0.8578682231244261,0.853785465453672,0.8578944353833806,0.9952985019989745,0.9707440842151718,0.9437918160290577,0.9709220089853664,0
DSC_0701.jpg,295.075579418675,690.0282369695037,1334.270615177906,716.0883780003478,1.157159134975196,2.7059930861549164,5.232433785011396,2.808189717648423,0.9954621908249212,0.9893884255994602,0.9794809673795419,0.988987660658808,0.8859980740948621,0.8824990462200395,0.8769259391367983,0.882276862355825,0.9784413689844282,0.9496349136132135,0.902706989469753,0.9477327867378923,0
DSC_0376.JPG,48.0766243655098,234.9653945384972,451.29672039296537,219.3670099431818,0.18853578182552863,0.9214329197588126,1.7697910603645701,0.8602627840909091,0.9992606553630008,0.9963865931390752,0.9930597496325628,0.996626472335017,0.7619171056233677,0.7598708518327315,0.7575350680684494,0.7600275773142621,0.9982343463694847,0.9913758999188785,0.9834457172215455,0.9919484183959846,0
DSC_0329.jpg,23.82641716841132,154.21665736607142,292.83115653881515,138.57114774176716,0.09343693007220126,0.6047712053571428,1.1483574766228044,0.5434162656539889,0.99963358630135,0.9976283846866473,0.9954967066013778,0.9978689885931509,0.7818724892237444,0.7804252754220725,0.778899884788097,0.7805787178378597,0.9990563720769596,0.9938964676284379,0.9884182269951592,0.9945156800798842,0
DSC_0119.jpg,1478.0097087378642,1843.1403893872878,2772.8468075333026,1372.736209200229,5.7961165048543695,7.2280015270089715,10.873909049150207,5.383279251765604,0.9772704809039789,0.9716553318766757,0.9573578751955634,0.978889425626669,0.6928729387877225,0.6890287298474563,0.6793337290394958,0.6940016686518217,0.9543314541482092,0.9430475544481713,0.9143170947659999,0.9575827820009465,0
DSC_0400.JPG,153.36490260378594,377.8484824327458,710.5954317233576,377.3301071138683,0.601430990603082,1.481758754638219,2.7866487518563043,1.4797259102504638,0.9976414833665952,0.9941892707158253,0.9890721337353772,0.9941972425320046,0.7080487883597065,0.7055641545121127,0.7019272365746853,0.7055697382170941,0.9952478606901407,0.9882941312769401,0.9779893967689797,0.9883101907127037,0
DSC_0339.jpg,56.03445934863532,174.05629457038498,319.8080322901764,153.3684068442718,0.21974297783778557,0.6825737041975881,1.254149146235986,0.6014447327226345,0.9991382760842027,0.9973232815401472,0.9950818436888295,0.997641429476759,0.7211110722426988,0.7197416107589749,0.71808023315861,0.7199614830469505,0.9982014837493727,0.9944153012434274,0.9897422874649427,0.9950790843093907,0
DSC_0399.JPG,80.07277153139022,253.39128087314472,492.563794313317,257.2555332502319,0.3140108687505499,0.993691297541744,1.9316227227973215,1.008845228432282,0.9987686037657031,0.9961032313094278,0.9924251254219341,0.9960438050433637,0.7240849507558006,0.7221167139721015,0.7194595819492159,0.722075888050947,0.9974046570808622,0.991790374297746,0.9840479587786535,0.9916651763606837,0
DSC_0117.jpg,2466.0018610421835,3984.3019500812534,7233.645610278373,4129.259552481354,9.670595533498759,15.624713529730405,28.367237687366167,16.193174715613154,0.962076679158457,0.938727555899467,0.8887576414006955,0.9364983306295734,0.6822683678381057,0.6666405822951162,0.6347458304674636,0.6651765620750307,0.9238512815053181,0.8769787034510963,0.7767209641997094,0.8725025888532862,0
DSC_0383.JPG,100.72076348464786,334.3520806760204,649.3315128404585,332.9383298063544,0.39498338621430534,1.311184630102041,2.5463980895704252,1.3056405090445269,0.998451069364798,0.9948581785643278,0.9900142787063565,0.9948799198811806,0.7500011688707162,0.7474453452209191,0.7440735804025822,0.7474597398051012,0.9964469584911472,0.9882123276069196,0.9771211936305687,0.9882621697734866,0
DSC_0366.jpg,85.32305910901445,193.9666193181818,354.8496733448293,182.7037373898423,0.3346002318000567,0.7606534090909092,1.3915673464503109,0.7164852446660482,0.9986878624072061,0.9970170913278045,0.9945429570734041,0.9971902971520648,0.7751934405476009,0.7739656562422916,0.7722246150850097,0.7740768968168403,0.9967011708367098,0.9925051978307092,0.9862969510316958,0.9929403916398589,0
DSC_0309.JPG,37.24643474350466,159.84809833024119,291.8407467647267,132.0443312268089,0.14606444997452805,0.6268552875695732,1.1444735167244184,0.5178209067717997,0.9994272070442054,0.9975417817745174,0.9955119375824327,0.9979693610059545,0.7144741827144417,0.7130605062411496,0.7115487580224992,0.713358922259181,0.9988285164511858,0.9949738423253546,0.9908261390735726,0.9958480855529609,0
DSC_0112.jpg,1243.0259067357513,2696.654929577465,4671.352244442537,2326.182878521127,4.87461139896373,10.57511737089202,18.319028409578575,9.122285798122066,0.9808841708434203,0.9585295892477246,0.9281617776821189,0.964226880347536,0.6941378574953898,0.6787534557391847,0.6585374918702586,0.6826152210290588,0.9617235013412684,0.9169819490402351,0.8562206811966424,0.9283871411827028,0
DSC_0511.jpg,143.96293619657237,335.43513806047486,520.1037958296731,243.34022292333557,0.5645605341042054,1.3154319139626465,2.0396227287438164,0.9542753840130808,0.9977860711685085,0.9948415228053321,0.9920016025000818,0.9962578011422611,0.8396799976523543,0.8386381777174612,0.837800605215441,0.8394790776189921,0.992436802940615,0.9823066895152123,0.9724336857282871,0.9871641237794674,0
DSC_0513.jpg,49.12869287226825,516.0183451794403,854.0157480314961,536.0838673510323,0.19266154067556177,2.023601353644864,3.3490813648293964,2.102289675886401,0.9992444761653451,0.9920644304558264,0.9868665495643052,0.9917558535454889,0.7172380002144251,0.7123104266372343,0.7091362801129022,0.7120972932686979,0.9984415994919721,0.9836290115844625,0.9728735784385943,0.9829924209785439,0
DSC_0328.jpg,44.9923747122866,157.0205965909091,317.40275141024733,164.6784138016002,0.17644068514622196,0.6157670454545454,1.2447166721970484,0.6457977011827458,0.9993080863852569,0.9975852644082228,0.9951188332142489,0.9974674989419372,0.7252371717988717,0.7239177181090691,0.7220900132985211,0.7238367181751703,0.9985382075433256,0.994900531474494,0.9896961216213125,0.9946518338460161,0
DSC_0396.JPG,105.9710510622721,318.47094590677176,619.3362453966373,313.47569283395177,0.41557274926381216,1.2489056702226344,2.4287695897907344,1.2293164424860854,0.998370328006301,0.9951024060236402,0.9904755598468824,0.9951792253431866,0.7103891904146687,0.7081969832356242,0.7050683171154534,0.7082506907751934,0.9966991482263072,0.9900773207058178,0.9806977667214585,0.9902329590611277,0
DSC_0386.JPG,18.69384904320019,139.7492734664889,292.31237046667354,152.52015632247216,0.07330921193411838,0.5480363665352505,1.1463230214379356,0.5981182600881262,0.9997125173154862,0.997850870829107,0.9955046847343113,0.9976544742668707,0.7355870761841559,0.7341647170767148,0.732416525751588,0.7340315490356629,0.9993731532811073,0.995316276541582,0.9902080724755489,0.9948882579756633,0
DSC_0405.JPG,189.33996726122913,376.69391922251856,756.2721872569126,417.62200689935065,0.742509675534232,1.4772310557745827,2.9657732833604413,1.6377333603896105,0.9970882421298985,0.9942070261245883,0.9883696953948126,0.9935776150017015,0.7190163244404353,0.7168940339058817,0.7127479789484329,0.7164602234921572,0.9939351621511008,0.9879387435688634,0.9757947929395497,0.9866282806670937,0
DSC_0312.JPG,35.59836240972127,160.46072370709646,305.32918464040733,148.16109114100186,0.1396014212145932,0.6292577400278293,1.1973693515310093,0.5810238868274583,0.9994525518652582,0.9975323605372144,0.9953045061261586,0.9977215099938332,0.7509631358487573,0.749520636913343,0.7478764366446562,0.7496462097343338,0.9987429449179925,0.994337036175739,0.9892305337706906,0.9947711135790084,0
DSC_0375.JPG,51.56112015693755,228.65064065398886,444.5053390849304,219.31988491419295,0.20220047120367665,0.8966691790352505,1.743158192489923,0.8600779800556586,0.9992070691699175,0.9964837043543507,0.9931641906455122,0.9966271970455789,0.7459039395660692,0.7439215707896075,0.741547273973177,0.7440173451058335,0.9982093939577894,0.9920637902413278,0.9845801265606816,0.9923876504087259,0
DSC_0506.jpg,371.11964540101087,936.4376615810363,1585.6279796153212,915.128081418636,1.4553711584353368,3.67230455521975,6.218148939667927,3.5887375741907293,0.9942927498938732,0.9855990271340536,0.9756154771996537,0.9859267357454151,0.7391276122214445,0.7344649124641265,0.7288849002377172,0.7346816247547759,0.9872608503685466,0.9677369105531909,0.9451946597152667,0.9684710895797933,0
DSC_0516.jpg,692.4340499142056,1541.6924510717613,2758.906882591093,1539.5714119291706,2.7154276467223752,6.045852749301025,10.819242676827816,6.037534948741845,0.9893514278917017,0.9762911381436385,0.9575722498294359,0.9763237564677334,0.8751309084199212,0.8695884109154142,0.861211252779715,0.8696082799146835,0.9523782051672971,0.8925574612546125,0.8050944088700829,0.8927035856926442,0
DSC_0118.jpg,229.8469387755102,785.2682902351721,1409.744269557338,681.9435152042284,0.9013605442176871,3.079483491118322,5.528408900224855,2.674288294918543,0.9964653071267568,0.9879237798690497,0.9783202985027937,0.9895127562020696,0.7347302065442597,0.7303301227027009,0.7253512365422395,0.7313961104778802,0.9922593827292104,0.9734401980519432,0.9521047873649808,0.9769346533972117,0
DSC_0111.jpg,1208.2733587441696,4367.766439909296,8548.729746835445,4518.492063492064,4.738326897035959,17.128495842781557,33.52443037974684,17.71957671957672,0.9814186116515828,0.9328304610477456,0.868533667350976,0.9305125324717487,0.7003991000130307,0.6685272790222846,0.6294630361092797,0.6670236525276058,0.9621712212667547,0.8630325298236786,0.7314735697575394,0.8583079861319366,0
DSC_0379.JPG,107.50140394364239,303.3673741158395,560.1003084321096,271.32235440340907,0.4215741331123231,1.1896759769248608,2.1964717977729786,1.0640092329545454,0.9983467935296091,0.9953346757586836,0.9913865175709391,0.995827478940679,0.7074617994537092,0.7052960187826802,0.7024820222145205,0.7056422106273982,0.9966792390304808,0.9906301149112395,0.982702875575747,0.9916198658798387,0
DSC_0303.JPG,39.506648229836166,165.97435209879407,331.1741635070961,166.8226026205937,0.1549280322738673,0.6508798121521336,1.2987222098317495,0.6542062847866419,0.9993924484324758,0.9974475694014887,0.994907050049102,0.9974345246113772,0.7169263443730781,0.7154637848081286,0.7135906342153691,0.7154547149507867,0.9987483536997166,0.9947433060381676,0.9895145053528464,0.9947164404812925,0
DSC_0316.JPG,31.713620480088984,154.85284525742117,306.13094493371705,153.06209415584416,0.12436713913760386,0.6072660598330242,1.2005135095439883,0.6002435064935064,0.9995122932291686,0.9976186010940635,0.9952921762843522,0.9976461400954104,0.7185018475836017,0.7170803265407966,0.7153616013136526,0.7170994378246344,0.9989907987782679,0.9950737757502615,0.9902643336399447,0.9951307436508978,0
DSC_0388.JPG,54.880808714986955,202.59049962314472,385.17507738001336,188.54724098446198,0.21521885770583118,0.794472547541744,1.5104904995294641,0.7394009450371059,0.9991560174589398,0.996884469295003,0.9940765989391933,0.9971004330424067,0.7065130577115658,0.7049127199361248,0.7029399191993425,0.705064969143556,0.9983119955094577,0.9937687453759074,0.9881527092147767,0.9942006862640161,0
DSC_0505.jpg,271.2076271186441,817.5871766029247,1476.890004930266,799.7075365579302,1.0635593220338984,3.2062242219722537,5.791725509530456,3.136107986501687,0.9958292432700975,0.9874267650385551,0.9772877002286737,0.9877017264393024,0.7332070466862083,0.7284202986334829,0.7225716141791457,0.7286043220949382,0.9908984518269979,0.9724863372714754,0.9501580554345662,0.9730880277088785,0
DSC_0406.JPG,180.2049377539726,367.5281010841837,706.0206818144729,379.68635856331167,0.7066860304077357,1.4412866709183674,2.7687085561351883,1.4889661120129871,0.9972287248523057,0.9943479823288504,0.9891424863621556,0.9941610070039167,0.74429620629243,0.7422054589730953,0.7385783176805596,0.7420809347575432,0.9937478663335544,0.9872559961600202,0.9755326642923856,0.9868344096757637,0
DSC_0402.JPG,147.29057885927,337.17958241535257,626.9765493681766,322.335198283859,0.5776101131736078,1.322272872217069,2.4587315661497122,1.2640596011131724,0.9977348971356186,0.9948146959306223,0.9903580637073144,0.9950429797575762,0.7148101083227006,0.7126732899972492,0.7094796374356993,0.7128318106070627,0.9953467532716488,0.9893510451725535,0.9802046975075154,0.9898198670831957,0
DSC_0393.JPG,100.57950014175213,233.5752061833256,458.65405014333663,246.15758892335344,0.39442941232059664,0.915981200718924,1.7986433338954377,0.9653238781307978,0.9984532417780311,0.9964079721006469,0.9929466052018678,0.9962144743806577,0.7113427649068572,0.7098263537922497,0.7073254523023046,0.7096910450512673,0.9968589883711141,0.9927074276983526,0.9856836004588967,0.9923145866200633,0
DSC_0306.JPG,50.87834733294157,155.06490788787107,297.78320540925733,147.94902851055195,0.19952293071741792,0.6080976779916513,1.1677772761147347,0.5801922686688312,0.9992175691672109,0.9976153398965357,0.9954205516961022,0.9977247711913612,0.7392852953037621,0.7380652331195533,0.7364477771465088,0.7381390189958769,0.9982715145810929,0.9947343819957796,0.9898926087575417,0.9949760195337335,0
DSC_0320.JPG,75.12855453004005,174.73960749072356,314.3371973475927,158.24584734461968,0.29462178247074533,0.6852533627087198,1.2326948915591869,0.6205719503710575,0.9988446382288616,0.9973127732370017,0.9951659767270385,0.9975664219336171,0.7109972703969808,0.709856229449745,0.7082869159506785,0.7100339570475418,0.9976579931015662,0.99455383682968,0.9902048382314029,0.9950679029325958,0
DSC_0370.jpg,32.70246388035902,149.8575921846011,292.4538575772576,143.26008812615953,0.12824495639356479,0.5876768320964749,1.1468778728519906,0.56180426716141,0.9994970863365369,0.9976954204136099,0.9955025088798749,0.9977968798922561,0.7135525064344741,0.7121994844267497,0.7105760404068733,0.7122703905777364,0.9989743418003305,0.9953012358448263,0.9908326124560491,0.9955080996755573,0
DSC_0305.JPG,31.690076589606363,150.23459241651207,291.4634478031692,141.32796193761598,0.12427481015531908,0.5891552643784786,1.1429939129536046,0.5542273017161411,0.9995126552980407,0.9976896227291159,0.99551773986093,0.9978265930252881,0.7072987938287083,0.7059831236941098,0.7044250547823151,0.7060796903886588,0.9990238143455663,0.9953725363398828,0.9910231891316011,0.9956468746810879,0
DSC_0700.jpg,203.65465267466197,655.3442156336966,1248.1049648322119,657.6769045686456,0.7986456967633803,2.5699773162105752,4.894529273851811,2.579125115955473,0.9968681042556107,0.9899218125729141,0.9808060627313349,0.9898859394001069,0.7816201095386006,0.7770428684463605,0.7711462596511469,0.7770203619682858,0.991885059729178,0.9739056915530042,0.9503393184493348,0.9738127974926944,0
DSC_0384.JPG,87.58327259534597,271.34591691790354,526.1905642621292,264.51278771451763,0.34346381409939597,1.0641016349721706,2.063492408871095,1.0373050498608534,0.9986531037954764,0.995827116585398,0.9919079973508731,0.9959321996168531,0.7924091368615258,0.7904603775751466,0.7878339559412183,0.7905262975898204,0.9963669761428986,0.9887526738878846,0.978205432386213,0.9890359080466649,0
DSC_0702.jpg,451.26574888037527,696.1073657090677,1198.9146127191527,617.10225460923,1.7696696034524522,2.7298328067022264,4.701625932231972,2.4200088416048238,0.9930602259268542,0.9892949379369934,0.9815625347904046,0.9905099151937805,0.7541722111533758,0.7515246326371282,0.7463207201011726,0.752316338184879,0.9836451842259168,0.9747886954728363,0.9566076261679759,0.9776500597654277,0
DSC_0317.JPG,36.06924021937366,151.153530481795,300.09416154879705,151.24778053977272,0.14144800086028886,0.5927589430658627,1.1768398492109686,0.5931285511363636,0.9994453104878145,0.9976754908731615,0.995385012740307,0.9976740414520381,0.776379424260971,0.7750826105669731,0.7734539123533645,0.7750816798896706,0.9986016506890836,0.9941436582598561,0.9883802985862228,0.9941400066048347,0
DSC_0321.JPG,54.71600148160861,156.7614089314703,292.78399416862044,145.31002688717533,0.2145725548298377,0.6147506232606679,1.1481725261514528,0.5698432426948052,0.9991585519410449,0.9975892503163124,0.9954974318861898,0.9977653549828196,0.7481653610647966,0.7469733234411299,0.745435176220758,0.7470906472487848,0.9980850114095023,0.9945162765161603,0.9897631046350206,0.9949168611566451,0
DSC_0401.JPG,57.588356120488235,270.1913537076762,541.3768474648185,277.58998325892856,0.2258366906685813,1.0595739361085341,2.1230464606463473,1.088588169642857,0.9991143795386386,0.9958448719941612,0.9916744556413617,0.9957310924359652,0.7619765528317713,0.7596612804200688,0.756767301878604,0.7595870181710629,0.997883824336941,0.9900777889800505,0.980131883831159,0.9898060898207007,0
DSC_0313.JPG,33.17334169001142,160.93197399698516,306.27243204430107,149.1507167497681,0.13009153603926046,0.6311057803803339,1.2010683609580435,0.5849047715677179,0.999489844959093,0.9975251134315968,0.9952900004299157,0.9977062910720362,0.7627578842004304,0.7613028940727792,0.7596738658180181,0.761421311076103,0.9987786102932557,0.994078406665626,0.9887374822086226,0.9945119054455951,0
DSC_0510.jpg,3218.0510124610596,4837.376995834779,7801.211951130371,4195.252299548768,12.619807892004154,18.970105866018745,30.592988043648514,16.451969802152032,0.9505113183578713,0.9256085720198877,0.8800293428608499,0.9354834635446012,0.674477318843205,0.6581103299357224,0.6296113303250657,0.6645384999770232,0.9006316120731578,0.8506270664028851,0.7590964268615542,0.8704554608742637,0
DSC_0109.jpg,644.0510090380092,1770.4967911233264,3375.1650709805217,1800.4407636980293,2.5256902315216045,6.943124671071868,13.235941454825575,7.0605520145020755,0.9900954847439791,0.9727724788373371,0.9480951454651905,0.9723119865331094,0.721808520169876,0.7110558407168636,0.6958679586241575,0.7107510463628404,0.9788896732008449,0.9418098253814982,0.8887472966749032,0.9408254352311084,0
DSC_0332.JPG,21.707467024975532,148.7501540033627,290.80317462044354,142.01127485795453,0.08512732166657072,0.583333937268089,1.1404046063546807,0.5569069602272727,0.9996661724998466,0.9977124511118112,0.9955278938483,0.9978160847221427,0.7293983842797608,0.7279200003164896,0.7262864810487851,0.727990864404638,0.9992861398048744,0.9951104339625065,0.990445209340154,0.995331947646448,0
DSC_0367.JPG,51.41985681404183,195.82805796324212,390.0799638802609,204.12206306528293,0.20164649730996795,0.7679531684833024,1.5297253485500426,0.800478678687384,0.9992092415831507,0.9969884652606151,0.9940011693187301,0.9968609162017457,0.7433124716244351,0.7416590723473592,0.7394963710080802,0.7415736059923335,0.9982297360472902,0.9932617673307819,0.9865850582046483,0.9929763795435644,0
DSC_0323.JPG,30.04200425582297,153.55690696022725,290.6616875098595,136.82752166917902,0.1178117813953842,0.6021839488636364,1.1398497549406255,0.5365785163497216,0.9995380001190934,0.9976385306345119,0.9955300697027363,0.997895802883936,0.7123912759316754,0.711170581278243,0.7098082735346146,0.7113506329189373,0.9990610317884994,0.9951990253727189,0.9909095032332979,0.9957220715573697,0
DSC_0338.JPG,31.525269356228023,156.5493463010204,296.4626590438061,142.12908743042672,0.12362850727932559,0.6139190051020408,1.1625986629168867,0.5573689703153989,0.999515189780146,0.9975925115138403,0.9954408596708424,0.9978142729457382,0.7785423955625755,0.7771492447588395,0.775611783531025,0.7772912548344734,0.9987675813289789,0.9938838992762947,0.9884251077218444,0.9944472727926864,0
DSC_0330.jpg,48.80648497047102,176.88379630971707,325.5618414539283,154.02815725011595,0.19139798027635693,0.693661946312616,1.2767131037408952,0.604031989216141,0.9992494312279632,0.9972797989064417,0.9949933589417475,0.9976312835288943,0.7667803837470023,0.7653456124350104,0.7637077917374326,0.7655740380721293,0.9981750929203231,0.9933899802152267,0.9878409472392553,0.994244078948573,0
DSC_0381.JPG,118.77892748481732,379.66279604881726,711.1142177954991,345.6856501478432,0.4657997156267346,1.4888737099953617,2.788683207041173,1.3556300005797772,0.998173362539833,0.9941613693591977,0.9890641556024437,0.994683885674225,0.7407695608663132,0.7379110879724943,0.7343404640548291,0.7382611119298458,0.9959356594410579,0.987015907493063,0.9756938428388935,0.9881778923124637,0
DSC_0319.jpg,46.452095922209026,159.18834792439702,313.44111231389365,158.9527227794527,0.18216508204787854,0.6242680310760668,1.2291808326035045,0.6233440108998145,0.9992856381151816,0.9975519277223819,0.9951797571384695,0.9975555512751907,0.7538614231840619,0.7525451339909823,0.7508093199542081,0.7525475297768152,0.9983424419330711,0.9943230088475363,0.9888286260032157,0.9943314117355653,0
DSC_0502.jpg,177.65556550002356,885.5785714285714,1637.4440271558574,746.2392857142858,0.6966884921569552,3.472857142857143,6.4213491261014015,2.9264285714285716,0.9972679302817332,0.9863811618209859,0.9748186259779803,0.9885239860099917,0.8726137906871946,0.8697723605539976,0.8668081796553396,0.8709925548546583,0.988414444697242,0.94080282837502,0.8876295512784977,0.9501094809045271,0
DSC_0507.jpg,166.7925813853291,660.4842359330215,1268.7836896614378,650.6750641122342,0.654088554452271,2.590134258560869,4.975622312397795,2.5516669180871925,0.9974349862918628,0.9898427669557865,0.9804880557060032,0.9899936169514927,0.7207304236265812,0.7163027237048261,0.7107637920997192,0.716405892303783,0.9946336585700994,0.978699261047365,0.9589805996120047,0.9790156086555724,0
DSC_0404.JPG,180.41683276831617,305.53512544932744,604.715910636284,341.5857726258117,0.7075169912482987,1.1981769625463823,2.371434943671702,1.3395520495129871,0.997225466232456,0.9953013390728427,0.9907003981386479,0.994746935493098,0.7097487792442848,0.7083208743805128,0.7050301979574496,0.707933306476907,0.9943776416855512,0.9904807805991392,0.9811638971624435,0.9893575905256204,0
DSC_0395.JPG,96.71830210260248,353.7440301049397,689.7968264675004,354.68653068471707,0.3792874592258921,1.3872314906076066,2.705085593990198,1.390927571312616,0.9985126210730693,0.9945599601681645,0.9893919843375342,0.9945454659569293,0.7138426298179036,0.7109876559695768,0.7073022170323668,0.7109775737814013,0.9969579271036555,0.9888769598394679,0.9783164897518862,0.9888473240833616,0
DSC_0113.jpg,393.891723643974,783.497449621446,1334.512710571289,758.0474164550882,1.5446734260547998,3.072539018123318,5.2333831787109375,2.972734966490542,0.9939425503084308,0.9879510126776759,0.9794772443242505,0.9883423950964985,0.7370385712657658,0.7327664182402914,0.7268792486120585,0.7330271028479738,0.986561289937328,0.973292277485931,0.9545491906847013,0.9741598137160864,0
DSC_0372.JPG,215.87393183514172,606.4519980577459,1148.875337942589,578.883856099258,0.8465644385691832,2.378243129638219,4.5053934821278006,2.2701327690166977,0.9966801905109473,0.9906736997807378,0.9823320619760929,0.9910976554593662,0.7096912819008258,0.7054182125542334,0.6995589408498518,0.7057131771665927,0.993266405130787,0.981087853057385,0.9641808272140585,0.9819475628997528,0
DSC_0318.JPG,52.95020969541212,174.12698211386828,330.3724032137864,164.37210111317253,0.2076478811584789,0.6828509102504638,1.2955780518187703,0.6445964749536178,0.9991857071064587,0.9973221944743045,0.9949193798909084,0.9974722095605886,0.7813420695278961,0.7800018730167451,0.7783206960868374,0.7800975313132357,0.9979050053461087,0.9931147726371956,0.9869445163683134,0.9935004944407412,0
DSC_0114.jpg,289.0335111317255,1573.3693746347167,2983.548082966688,1403.6177673874927,1.1334647495361785,6.170075978959673,11.700188560653677,5.504383401519579,0.9955551085545518,0.9758039957150261,0.9541176132167644,0.9784145146958526,0.7647199299477473,0.7567012723703218,0.7482440255199582,0.7583567431042776,0.9891791737872141,0.940077168316872,0.8842368108838907,0.9465400096220695,0
DSC_0331.JPG,26.369157340534272,145.40427694515304,290.6145251396648,145.074401742231,0.10340846015895792,0.5702128507653061,1.1396648044692737,0.5689192225185529,0.9995944828631542,0.997763905561696,0.9955307949875486,0.9977689785356283,0.7917830341093977,0.7904678296357968,0.7889015631669616,0.7904710241867284,0.9989118557195308,0.9940038829432348,0.9880239734929612,0.994017486190487,0
DSC_0335.JPG,33.856114514007395,152.5437188369666,290.6145251396648,137.74645973446195,0.13276907652551917,0.5982106621057514,1.1396648044692737,0.5401821950371057,0.9994793449617997,0.9976541119115896,0.9955307949875486,0.9978816710279818,0.7481031324133267,0.7467286715734937,0.745157832399591,0.7468803489591452,0.9988161941411212,0.9946690310850443,0.9898492615956785,0.9951861531855373,0
DSC_0105.jpg,2452.5388493605133,5734.8114611758865,10345.218009074057,5595.481890349789,9.617799409256914,22.489456710493673,40.56948238852571,21.94306623666584,0.9622837195989218,0.9118074084031635,0.840906437285485,0.913950083192111,0.6816575598906977,0.6484888726925858,0.6059468858962076,0.6498517334368583,0.9244224811499785,0.8232750567357954,0.6811983702580594,0.8275686242220041,0
DSC_0108.jpg,532.1293908251123,781.7548438467664,1441.739177563831,841.8406617712112,2.0867819248043618,3.065705269987319,5.653879127701297,3.301335928514554,0.9918166673203778,0.9879778112778463,0.977828265961864,0.9870537836900439,0.8118418869960351,0.8103143226836361,0.8050476553140353,0.8097581935076616,0.9754100045942258,0.9637348200491911,0.9328562085193357,0.9609474717945908,0
DSC_0308.JPG,28.81772195072674,155.60684572124305,291.60493491375325,135.86145857490726,0.11301067431657544,0.6102229243970315,1.1435487643676596,0.5327900336270873,0.999556827700447,0.9976070057250754,0.9955155640064934,0.9979106594504521,0.7416414728676339,0.7401699924121712,0.7386057252587516,0.7403741722555418,0.9990141167429019,0.99467932821692,0.9900343711616579,0.9953544831161052,0
DSC_0365.JPG,90.59689057712131,210.3190043773191,375.64827860068647,189.30124144828386,0.35528192383184826,0.82478040932282,1.4731305043164176,0.7423578096011132,0.9986067589798371,0.9967656167628746,0.994223106471247,0.9970888376734185,0.7940782905064719,0.7927710128237151,0.7910274767434472,0.7929735923880894,0.9962144580822185,0.9912177043577044,0.9843243365852757,0.9920953435816486,0
DSC_0292.JPG,110.63274137783083,194.08443189065397,370.8848792110231,205.7243140509045,0.4338538877561993,0.7611154191790352,1.4544505067098943,0.8067620158858999,0.9982986383696086,0.9970152795514,0.9942963602372739,0.9968362760426461,0.7105692563474493,0.7097698083710349,0.7079701116116209,0.7096444710137844,0.996551656892596,0.9939487875705155,0.9884330864928508,0.9935858764450857,0
DSC_0100.jpg,733.9994764397906,1447.0481927710844,2865.0048955613574,1622.1686746987953,2.8784293193717274,5.674698795180723,11.235313315926893,6.36144578313253,0.9887122154762742,0.9777466214626291,0.9559406253566056,0.9750535374358134,0.7076305809645681,0.6999957747761361,0.6851898964639738,0.698161071088837,0.9768736024643434,0.954421222244068,0.9097862217310171,0.9489052349739568,0
DSC_0110.jpg,932.1297250248685,2757.157598499062,5338.099924503883,2851.270436880193,3.6554106863720333,10.812382739212008,20.933725194132872,11.181452693647815,0.9856652765812927,0.9575991511318693,0.9179082224878681,0.95615184023498,0.7562671493012516,0.7412130947096564,0.7202550799501514,0.7403255585519666,0.965368721832009,0.8965815876301535,0.7977400384983285,0.8930495251992383,0
DSC_0503.jpg,189.37958435207827,365.28853996737354,622.4131445629818,399.60746329526916,0.7426650366748168,1.4325040783034257,2.440835861031301,1.5670880913539966,0.997087632879893,0.9943824233388587,0.9904282418638239,0.9938546510119758,0.7662399861794428,0.7651379281344984,0.7632496977142182,0.7647970168379359,0.9928960773051353,0.9862641384933355,0.9765377003922268,0.984973651860681,0
DSC_0293.JPG,45.722235317247815,167.48235302643786,324.6185940500345,165.26747666396105,0.17930288359705024,0.6567935412801484,1.2730140943138608,0.6481077516233766,0.9992968622502192,0.9974243786635126,0.9950078646379904,0.9974584400599151,0.7747014378736361,0.7733528555892499,0.7716571675567758,0.7733747648227015,0.9982383190805648,0.9935504692727364,0.9875062864784182,0.9936357613223089,0
DSC_0374.JPG,167.3028857694969,325.89313797251856,608.2059260306909,318.2588832763219,0.6560897481156741,1.2780123057745825,2.385121278551729,1.2480740520640075,0.9974271385942624,0.9949882641101633,0.990646727062549,0.9951056672211681,0.7078878871496473,0.7062419432143453,0.7032728204022272,0.7063242344933635,0.9948161324801105,0.9899003361870194,0.9811476796825008,0.9901369272560242,0
DSC_0299.JPG,41.55496670182409,152.2609686630334,293.3499426109567,148.91509160482374,0.1629606537326435,0.5971018378942486,1.1503919318076732,0.5839807513914657,0.9993609484405958,0.9976584601749603,0.995488728468444,0.9977099146248452,0.7412073926557968,0.7399259460746282,0.7383325811567562,0.7399605547531329,0.9985797782068743,0.9947985036275052,0.9899831233597757,0.9949128045381977,0
DSC_0116.jpg,2713.8093289689036,7146.624322009706,13412.445652173912,7082.686268912361,10.64238952536825,28.025977733371395,52.597826086956516,27.775240270244552,0.9582657809342585,0.8900958951494831,0.7937371873992878,0.8910791641972079,0.7030602994803415,0.6608287295847384,0.6092030424792221,0.6614159496992532,0.9103850500832564,0.7638866122314353,0.5565615453395941,0.7659948362587701,0
